2026-03-14 20:37:33,512 [Worker-6: Loading available Gradle versions] INFO  o.e.b.c.i.u.g.PublishedGradleVersions - Gradle version information cache is up-to-date. Trying to read.
2026-03-14 20:42:29,116 [Worker-26: Launching mavenrun-c73c1873-4985-4cf6-aaf8-b7a7d0f16aac] INFO  o.eclipse.m2e.core.internal.Bundles - getClasspathEntries(Bundle=org.eclipse.m2e.maven.runtime_3.9.900.20240824-1409 [299])
2026-03-14 20:42:29,118 [Worker-26: Launching mavenrun-c73c1873-4985-4cf6-aaf8-b7a7d0f16aac] INFO  o.eclipse.m2e.core.internal.Bundles - 	Entry: C:\Users\Usuario\.p2\pool\plugins\org.eclipse.m2e.maven.runtime_3.9.900.20240824-1409
2026-03-14 20:42:29,118 [Worker-26: Launching mavenrun-c73c1873-4985-4cf6-aaf8-b7a7d0f16aac] INFO  o.eclipse.m2e.core.internal.Bundles - 	Entry: C:\Users\Usuario\.p2\pool\plugins\org.eclipse.m2e.maven.runtime_3.9.900.20240824-1409\jars\aopalliance-1.0.jar
2026-03-14 20:42:29,118 [Worker-26: Launching mavenrun-c73c1873-4985-4cf6-aaf8-b7a7d0f16aac] INFO  o.eclipse.m2e.core.internal.Bundles - 	Entry: C:\Users\Usuario\.p2\pool\plugins\org.eclipse.m2e.maven.runtime_3.9.900.20240824-1409\jars\guice-5.1.0.jar
2026-03-14 20:42:29,119 [Worker-26: Launching mavenrun-c73c1873-4985-4cf6-aaf8-b7a7d0f16aac] INFO  o.eclipse.m2e.core.internal.Bundles - 	Entry: C:\Users\Usuario\.p2\pool\plugins\org.eclipse.m2e.maven.runtime_3.9.900.20240824-1409\jars\httpclient-4.5.14.jar
2026-03-14 20:42:29,119 [Worker-26: Launching mavenrun-c73c1873-4985-4cf6-aaf8-b7a7d0f16aac] INFO  o.eclipse.m2e.core.internal.Bundles - 	Entry: C:\Users\Usuario\.p2\pool\plugins\org.eclipse.m2e.maven.runtime_3.9.900.20240824-1409\jars\httpcore-4.4.16.jar
2026-03-14 20:42:29,119 [Worker-26: Launching mavenrun-c73c1873-4985-4cf6-aaf8-b7a7d0f16aac] INFO  o.eclipse.m2e.core.internal.Bundles - 	Entry: C:\Users\Usuario\.p2\pool\plugins\org.eclipse.m2e.maven.runtime_3.9.900.20240824-1409\jars\jansi-2.4.1.jar
2026-03-14 20:42:29,119 [Worker-26: Launching mavenrun-c73c1873-4985-4cf6-aaf8-b7a7d0f16aac] INFO  o.eclipse.m2e.core.internal.Bundles - 	Entry: C:\Users\Usuario\.p2\pool\plugins\org.eclipse.m2e.maven.runtime_3.9.900.20240824-1409\jars\jcl-over-slf4j-1.7.36.jar
2026-03-14 20:42:29,119 [Worker-26: Launching mavenrun-c73c1873-4985-4cf6-aaf8-b7a7d0f16aac] INFO  o.eclipse.m2e.core.internal.Bundles - 	Entry: C:\Users\Usuario\.p2\pool\plugins\org.eclipse.m2e.maven.runtime_3.9.900.20240824-1409\jars\maven-artifact-3.9.9.jar
2026-03-14 20:42:29,120 [Worker-26: Launching mavenrun-c73c1873-4985-4cf6-aaf8-b7a7d0f16aac] INFO  o.eclipse.m2e.core.internal.Bundles - 	Entry: C:\Users\Usuario\.p2\pool\plugins\org.eclipse.m2e.maven.runtime_3.9.900.20240824-1409\jars\maven-builder-support-3.9.9.jar
2026-03-14 20:42:29,120 [Worker-26: Launching mavenrun-c73c1873-4985-4cf6-aaf8-b7a7d0f16aac] INFO  o.eclipse.m2e.core.internal.Bundles - 	Entry: C:\Users\Usuario\.p2\pool\plugins\org.eclipse.m2e.maven.runtime_3.9.900.20240824-1409\jars\maven-compat-3.9.9.jar
2026-03-14 20:42:29,120 [Worker-26: Launching mavenrun-c73c1873-4985-4cf6-aaf8-b7a7d0f16aac] INFO  o.eclipse.m2e.core.internal.Bundles - 	Entry: C:\Users\Usuario\.p2\pool\plugins\org.eclipse.m2e.maven.runtime_3.9.900.20240824-1409\jars\maven-core-3.9.9.jar
2026-03-14 20:42:29,120 [Worker-26: Launching mavenrun-c73c1873-4985-4cf6-aaf8-b7a7d0f16aac] INFO  o.eclipse.m2e.core.internal.Bundles - 	Entry: C:\Users\Usuario\.p2\pool\plugins\org.eclipse.m2e.maven.runtime_3.9.900.20240824-1409\jars\maven-embedder-3.9.9.jar
2026-03-14 20:42:29,120 [Worker-26: Launching mavenrun-c73c1873-4985-4cf6-aaf8-b7a7d0f16aac] INFO  o.eclipse.m2e.core.internal.Bundles - 	Entry: C:\Users\Usuario\.p2\pool\plugins\org.eclipse.m2e.maven.runtime_3.9.900.20240824-1409\jars\maven-model-3.9.9.jar
2026-03-14 20:42:29,120 [Worker-26: Launching mavenrun-c73c1873-4985-4cf6-aaf8-b7a7d0f16aac] INFO  o.eclipse.m2e.core.internal.Bundles - 	Entry: C:\Users\Usuario\.p2\pool\plugins\org.eclipse.m2e.maven.runtime_3.9.900.20240824-1409\jars\maven-model-builder-3.9.9.jar
2026-03-14 20:42:29,121 [Worker-26: Launching mavenrun-c73c1873-4985-4cf6-aaf8-b7a7d0f16aac] INFO  o.eclipse.m2e.core.internal.Bundles - 	Entry: C:\Users\Usuario\.p2\pool\plugins\org.eclipse.m2e.maven.runtime_3.9.900.20240824-1409\jars\maven-plugin-api-3.9.9.jar
2026-03-14 20:42:29,121 [Worker-26: Launching mavenrun-c73c1873-4985-4cf6-aaf8-b7a7d0f16aac] INFO  o.eclipse.m2e.core.internal.Bundles - 	Entry: C:\Users\Usuario\.p2\pool\plugins\org.eclipse.m2e.maven.runtime_3.9.900.20240824-1409\jars\maven-repository-metadata-3.9.9.jar
2026-03-14 20:42:29,121 [Worker-26: Launching mavenrun-c73c1873-4985-4cf6-aaf8-b7a7d0f16aac] INFO  o.eclipse.m2e.core.internal.Bundles - 	Entry: C:\Users\Usuario\.p2\pool\plugins\org.eclipse.m2e.maven.runtime_3.9.900.20240824-1409\jars\maven-resolver-api-1.9.22.jar
2026-03-14 20:42:29,121 [Worker-26: Launching mavenrun-c73c1873-4985-4cf6-aaf8-b7a7d0f16aac] INFO  o.eclipse.m2e.core.internal.Bundles - 	Entry: C:\Users\Usuario\.p2\pool\plugins\org.eclipse.m2e.maven.runtime_3.9.900.20240824-1409\jars\maven-resolver-connector-basic-1.9.22.jar
2026-03-14 20:42:29,121 [Worker-26: Launching mavenrun-c73c1873-4985-4cf6-aaf8-b7a7d0f16aac] INFO  o.eclipse.m2e.core.internal.Bundles - 	Entry: C:\Users\Usuario\.p2\pool\plugins\org.eclipse.m2e.maven.runtime_3.9.900.20240824-1409\jars\maven-resolver-impl-1.9.22.jar
2026-03-14 20:42:29,122 [Worker-26: Launching mavenrun-c73c1873-4985-4cf6-aaf8-b7a7d0f16aac] INFO  o.eclipse.m2e.core.internal.Bundles - 	Entry: C:\Users\Usuario\.p2\pool\plugins\org.eclipse.m2e.maven.runtime_3.9.900.20240824-1409\jars\maven-resolver-named-locks-1.9.22.jar
2026-03-14 20:42:29,122 [Worker-26: Launching mavenrun-c73c1873-4985-4cf6-aaf8-b7a7d0f16aac] INFO  o.eclipse.m2e.core.internal.Bundles - 	Entry: C:\Users\Usuario\.p2\pool\plugins\org.eclipse.m2e.maven.runtime_3.9.900.20240824-1409\jars\maven-resolver-provider-3.9.9.jar
2026-03-14 20:42:29,122 [Worker-26: Launching mavenrun-c73c1873-4985-4cf6-aaf8-b7a7d0f16aac] INFO  o.eclipse.m2e.core.internal.Bundles - 	Entry: C:\Users\Usuario\.p2\pool\plugins\org.eclipse.m2e.maven.runtime_3.9.900.20240824-1409\jars\maven-resolver-spi-1.9.22.jar
2026-03-14 20:42:29,122 [Worker-26: Launching mavenrun-c73c1873-4985-4cf6-aaf8-b7a7d0f16aac] INFO  o.eclipse.m2e.core.internal.Bundles - 	Entry: C:\Users\Usuario\.p2\pool\plugins\org.eclipse.m2e.maven.runtime_3.9.900.20240824-1409\jars\maven-resolver-transport-file-1.9.22.jar
2026-03-14 20:42:29,122 [Worker-26: Launching mavenrun-c73c1873-4985-4cf6-aaf8-b7a7d0f16aac] INFO  o.eclipse.m2e.core.internal.Bundles - 	Entry: C:\Users\Usuario\.p2\pool\plugins\org.eclipse.m2e.maven.runtime_3.9.900.20240824-1409\jars\maven-resolver-transport-http-1.9.22.jar
2026-03-14 20:42:29,122 [Worker-26: Launching mavenrun-c73c1873-4985-4cf6-aaf8-b7a7d0f16aac] INFO  o.eclipse.m2e.core.internal.Bundles - 	Entry: C:\Users\Usuario\.p2\pool\plugins\org.eclipse.m2e.maven.runtime_3.9.900.20240824-1409\jars\maven-resolver-transport-wagon-1.9.22.jar
2026-03-14 20:42:29,123 [Worker-26: Launching mavenrun-c73c1873-4985-4cf6-aaf8-b7a7d0f16aac] INFO  o.eclipse.m2e.core.internal.Bundles - 	Entry: C:\Users\Usuario\.p2\pool\plugins\org.eclipse.m2e.maven.runtime_3.9.900.20240824-1409\jars\maven-resolver-util-1.9.22.jar
2026-03-14 20:42:29,123 [Worker-26: Launching mavenrun-c73c1873-4985-4cf6-aaf8-b7a7d0f16aac] INFO  o.eclipse.m2e.core.internal.Bundles - 	Entry: C:\Users\Usuario\.p2\pool\plugins\org.eclipse.m2e.maven.runtime_3.9.900.20240824-1409\jars\maven-settings-3.9.9.jar
2026-03-14 20:42:29,123 [Worker-26: Launching mavenrun-c73c1873-4985-4cf6-aaf8-b7a7d0f16aac] INFO  o.eclipse.m2e.core.internal.Bundles - 	Entry: C:\Users\Usuario\.p2\pool\plugins\org.eclipse.m2e.maven.runtime_3.9.900.20240824-1409\jars\maven-settings-builder-3.9.9.jar
2026-03-14 20:42:29,123 [Worker-26: Launching mavenrun-c73c1873-4985-4cf6-aaf8-b7a7d0f16aac] INFO  o.eclipse.m2e.core.internal.Bundles - 	Entry: C:\Users\Usuario\.p2\pool\plugins\org.eclipse.m2e.maven.runtime_3.9.900.20240824-1409\jars\maven-shared-utils-3.4.2.jar
2026-03-14 20:42:29,123 [Worker-26: Launching mavenrun-c73c1873-4985-4cf6-aaf8-b7a7d0f16aac] INFO  o.eclipse.m2e.core.internal.Bundles - 	Entry: C:\Users\Usuario\.p2\pool\plugins\org.eclipse.m2e.maven.runtime_3.9.900.20240824-1409\jars\org.eclipse.sisu.inject-0.9.0.M3.jar
2026-03-14 20:42:29,124 [Worker-26: Launching mavenrun-c73c1873-4985-4cf6-aaf8-b7a7d0f16aac] INFO  o.eclipse.m2e.core.internal.Bundles - 	Entry: C:\Users\Usuario\.p2\pool\plugins\org.eclipse.m2e.maven.runtime_3.9.900.20240824-1409\jars\org.eclipse.sisu.plexus-0.9.0.M3.jar
2026-03-14 20:42:29,124 [Worker-26: Launching mavenrun-c73c1873-4985-4cf6-aaf8-b7a7d0f16aac] INFO  o.eclipse.m2e.core.internal.Bundles - 	Entry: C:\Users\Usuario\.p2\pool\plugins\org.eclipse.m2e.maven.runtime_3.9.900.20240824-1409\jars\plexus-build-api-0.0.7.jar
2026-03-14 20:42:29,124 [Worker-26: Launching mavenrun-c73c1873-4985-4cf6-aaf8-b7a7d0f16aac] INFO  o.eclipse.m2e.core.internal.Bundles - 	Entry: C:\Users\Usuario\.p2\pool\plugins\org.eclipse.m2e.maven.runtime_3.9.900.20240824-1409\jars\plexus-build-api-1.2.0.jar
2026-03-14 20:42:29,124 [Worker-26: Launching mavenrun-c73c1873-4985-4cf6-aaf8-b7a7d0f16aac] INFO  o.eclipse.m2e.core.internal.Bundles - 	Entry: C:\Users\Usuario\.p2\pool\plugins\org.eclipse.m2e.maven.runtime_3.9.900.20240824-1409\jars\plexus-cipher-2.0.jar
2026-03-14 20:42:29,125 [Worker-26: Launching mavenrun-c73c1873-4985-4cf6-aaf8-b7a7d0f16aac] INFO  o.eclipse.m2e.core.internal.Bundles - 	Entry: C:\Users\Usuario\.p2\pool\plugins\org.eclipse.m2e.maven.runtime_3.9.900.20240824-1409\jars\plexus-classworlds-2.8.0.jar
2026-03-14 20:42:29,125 [Worker-26: Launching mavenrun-c73c1873-4985-4cf6-aaf8-b7a7d0f16aac] INFO  o.eclipse.m2e.core.internal.Bundles - 	Entry: C:\Users\Usuario\.p2\pool\plugins\org.eclipse.m2e.maven.runtime_3.9.900.20240824-1409\jars\plexus-component-annotations-2.1.0.jar
2026-03-14 20:42:29,125 [Worker-26: Launching mavenrun-c73c1873-4985-4cf6-aaf8-b7a7d0f16aac] INFO  o.eclipse.m2e.core.internal.Bundles - 	Entry: C:\Users\Usuario\.p2\pool\plugins\org.eclipse.m2e.maven.runtime_3.9.900.20240824-1409\jars\plexus-interpolation-1.27.jar
2026-03-14 20:42:29,125 [Worker-26: Launching mavenrun-c73c1873-4985-4cf6-aaf8-b7a7d0f16aac] INFO  o.eclipse.m2e.core.internal.Bundles - 	Entry: C:\Users\Usuario\.p2\pool\plugins\org.eclipse.m2e.maven.runtime_3.9.900.20240824-1409\jars\plexus-sec-dispatcher-2.0.jar
2026-03-14 20:42:29,126 [Worker-26: Launching mavenrun-c73c1873-4985-4cf6-aaf8-b7a7d0f16aac] INFO  o.eclipse.m2e.core.internal.Bundles - 	Entry: C:\Users\Usuario\.p2\pool\plugins\org.eclipse.m2e.maven.runtime_3.9.900.20240824-1409\jars\plexus-utils-3.5.1.jar
2026-03-14 20:42:29,126 [Worker-26: Launching mavenrun-c73c1873-4985-4cf6-aaf8-b7a7d0f16aac] INFO  o.eclipse.m2e.core.internal.Bundles - 	Entry: C:\Users\Usuario\.p2\pool\plugins\org.eclipse.m2e.maven.runtime_3.9.900.20240824-1409\jars\plexus-xml-3.0.1.jar
2026-03-14 20:42:29,126 [Worker-26: Launching mavenrun-c73c1873-4985-4cf6-aaf8-b7a7d0f16aac] INFO  o.eclipse.m2e.core.internal.Bundles - 	Entry: C:\Users\Usuario\.p2\pool\plugins\org.eclipse.m2e.maven.runtime_3.9.900.20240824-1409\jars\wagon-file-3.5.3.jar
2026-03-14 20:42:29,126 [Worker-26: Launching mavenrun-c73c1873-4985-4cf6-aaf8-b7a7d0f16aac] INFO  o.eclipse.m2e.core.internal.Bundles - 	Entry: C:\Users\Usuario\.p2\pool\plugins\org.eclipse.m2e.maven.runtime_3.9.900.20240824-1409\jars\wagon-http-3.5.3.jar
2026-03-14 20:42:29,126 [Worker-26: Launching mavenrun-c73c1873-4985-4cf6-aaf8-b7a7d0f16aac] INFO  o.eclipse.m2e.core.internal.Bundles - 	Entry: C:\Users\Usuario\.p2\pool\plugins\org.eclipse.m2e.maven.runtime_3.9.900.20240824-1409\jars\wagon-http-shared-3.5.3.jar
2026-03-14 20:42:29,127 [Worker-26: Launching mavenrun-c73c1873-4985-4cf6-aaf8-b7a7d0f16aac] INFO  o.eclipse.m2e.core.internal.Bundles - 	Entry: C:\Users\Usuario\.p2\pool\plugins\org.eclipse.m2e.maven.runtime_3.9.900.20240824-1409\jars\wagon-provider-api-3.5.3.jar
2026-03-14 20:42:29,129 [Worker-26: Launching mavenrun-c73c1873-4985-4cf6-aaf8-b7a7d0f16aac] INFO  o.eclipse.m2e.core.internal.Bundles - getClasspathEntries(Bundle=com.google.guava_33.3.0.jre [10])
2026-03-14 20:42:29,130 [Worker-26: Launching mavenrun-c73c1873-4985-4cf6-aaf8-b7a7d0f16aac] INFO  o.eclipse.m2e.core.internal.Bundles - 	Entry: C:\Users\Usuario\.p2\pool\plugins\com.google.guava_33.3.0.jre.jar
2026-03-14 20:42:29,130 [Worker-26: Launching mavenrun-c73c1873-4985-4cf6-aaf8-b7a7d0f16aac] INFO  o.eclipse.m2e.core.internal.Bundles - getClasspathEntries(Bundle=slf4j.api_2.0.16 [521])
2026-03-14 20:42:29,131 [Worker-26: Launching mavenrun-c73c1873-4985-4cf6-aaf8-b7a7d0f16aac] INFO  o.eclipse.m2e.core.internal.Bundles - 	Entry: C:\Users\Usuario\.p2\pool\plugins\slf4j.api_2.0.16.jar
2026-03-14 20:42:29,131 [Worker-26: Launching mavenrun-c73c1873-4985-4cf6-aaf8-b7a7d0f16aac] INFO  o.eclipse.m2e.core.internal.Bundles - getClasspathEntries(Bundle=jakarta.inject.jakarta.inject-api_1.0.5 [22])
2026-03-14 20:42:29,131 [Worker-26: Launching mavenrun-c73c1873-4985-4cf6-aaf8-b7a7d0f16aac] INFO  o.eclipse.m2e.core.internal.Bundles - 	Entry: C:\Users\Usuario\.p2\pool\plugins\jakarta.inject.jakarta.inject-api_1.0.5.jar
2026-03-14 20:42:29,131 [Worker-26: Launching mavenrun-c73c1873-4985-4cf6-aaf8-b7a7d0f16aac] INFO  o.eclipse.m2e.core.internal.Bundles - getClasspathEntries(Bundle=jakarta.annotation-api_1.3.5 [20])
2026-03-14 20:42:29,131 [Worker-26: Launching mavenrun-c73c1873-4985-4cf6-aaf8-b7a7d0f16aac] INFO  o.eclipse.m2e.core.internal.Bundles - 	Entry: C:\Users\Usuario\.p2\pool\plugins\jakarta.annotation-api_1.3.5.jar
2026-03-14 20:42:29,131 [Worker-26: Launching mavenrun-c73c1873-4985-4cf6-aaf8-b7a7d0f16aac] INFO  o.eclipse.m2e.core.internal.Bundles - getClasspathEntries(Bundle=org.apache.commons.cli_1.9.0 [47])
2026-03-14 20:42:29,132 [Worker-26: Launching mavenrun-c73c1873-4985-4cf6-aaf8-b7a7d0f16aac] INFO  o.eclipse.m2e.core.internal.Bundles - 	Entry: C:\Users\Usuario\.p2\pool\plugins\org.apache.commons.cli_1.9.0.jar
2026-03-14 20:42:29,132 [Worker-26: Launching mavenrun-c73c1873-4985-4cf6-aaf8-b7a7d0f16aac] INFO  o.eclipse.m2e.core.internal.Bundles - getClasspathEntries(Bundle=org.apache.commons.commons-codec_1.16.0 [50])
2026-03-14 20:42:29,132 [Worker-26: Launching mavenrun-c73c1873-4985-4cf6-aaf8-b7a7d0f16aac] INFO  o.eclipse.m2e.core.internal.Bundles - 	Entry: C:\Users\Usuario\.p2\pool\plugins\org.apache.commons.commons-codec_1.16.0.jar
2026-03-14 20:42:29,132 [Worker-26: Launching mavenrun-c73c1873-4985-4cf6-aaf8-b7a7d0f16aac] INFO  o.eclipse.m2e.core.internal.Bundles - getClasspathEntries(Bundle=com.google.guava.failureaccess_1.0.2 [11])
2026-03-14 20:42:29,133 [Worker-26: Launching mavenrun-c73c1873-4985-4cf6-aaf8-b7a7d0f16aac] INFO  o.eclipse.m2e.core.internal.Bundles - 	Entry: C:\Users\Usuario\.p2\pool\plugins\com.google.guava.failureaccess_1.0.2.jar
2026-03-14 20:42:29,137 [Worker-26: Launching mavenrun-c73c1873-4985-4cf6-aaf8-b7a7d0f16aac] INFO  o.e.m.i.launch.MavenLaunchDelegate - Run build in "C:\Users\Usuario\AppData\Local\Temp\m2e-archetypeGenerator2947235062875231216":
2026-03-14 20:42:29,139 [Worker-26: Launching mavenrun-c73c1873-4985-4cf6-aaf8-b7a7d0f16aac] INFO  o.e.m.i.launch.MavenLaunchDelegate -  mvn  -DarchetypeGroupId=io.github.unlp-oo -DarchetypeArtifactId=archetype -DarchetypeVersion=1.0.0 -DgroupId=ar.edu.unlp.info.oo1 -DartifactId=repaso_01 -Dversion=0.0.1-SNAPSHOT -Dpackage=ar.edu.unlp.info.oo1.repaso_01 -DoutputDirectory=C:\Users\Usuario\Desktop\Sistemas\2026\OO2 -B -Dstyle.color=always -U archetype:generate
2026-03-14 20:44:56,166 [Worker-5: Loading available Gradle versions] INFO  o.e.b.c.i.u.g.PublishedGradleVersions - Gradle version information cache is up-to-date. Trying to read.
2026-03-14 20:45:53,317 [Worker-13: Importing Maven projects] INFO  o.e.m.c.i.l.LifecycleMappingFactory - Using org.eclipse.m2e.jdt.JarLifecycleMapping lifecycle mapping for MavenProject: ar.edu.info.unlp:ejercicioDemo:0.0.1-SNAPSHOT @ C:\Users\Usuario\Downloads\repaso_01\ejercicioDemo\pom.xml.
2026-03-14 20:45:53,861 [Worker-13: Importing Maven projects] INFO  o.e.m.j.i.AbstractJavaProjectConfigurator - Adding source folder /ejercicioDemo/src/main/java
2026-03-14 20:45:53,862 [Worker-13: Importing Maven projects] INFO  o.e.m.j.i.AbstractJavaProjectConfigurator - Adding resource folder /ejercicioDemo/src/main/resources
2026-03-14 20:45:53,866 [Worker-13: Importing Maven projects] INFO  o.e.m.j.i.AbstractJavaProjectConfigurator - Adding source folder /ejercicioDemo/src/test/java
2026-03-14 20:45:53,868 [Worker-13: Importing Maven projects] INFO  o.e.m.j.i.AbstractJavaProjectConfigurator - Adding resource folder /ejercicioDemo/src/test/resources
2026-03-14 20:45:54,159 [Worker-13: Importing Maven projects] INFO  o.e.m.c.i.p.ProjectConfigurationManager - Imported and configured 1 project(s) in 1 sec
2026-03-14 20:45:54,814 [Worker-3: Building] INFO  o.a.m.s.f.DefaultMavenResourcesFiltering - skip non existing resourceDirectory C:\Users\Usuario\Downloads\repaso_01\ejercicioDemo\src\main\resources
2026-03-14 20:45:54,819 [Worker-3: Building] INFO  o.a.m.s.f.DefaultMavenResourcesFiltering - skip non existing resourceDirectory C:\Users\Usuario\Downloads\repaso_01\ejercicioDemo\src\test\resources
2026-03-14 20:46:10,624 [Worker-5: Building] INFO  o.a.m.s.f.DefaultMavenResourcesFiltering - skip non existing resourceDirectory C:\Users\Usuario\Downloads\repaso_01\ejercicioDemo\src\main\resources
2026-03-14 20:46:10,626 [Worker-5: Building] INFO  o.a.m.s.f.DefaultMavenResourcesFiltering - skip non existing resourceDirectory C:\Users\Usuario\Downloads\repaso_01\ejercicioDemo\src\test\resources
2026-03-14 20:46:17,344 [Worker-26: Building] INFO  o.e.m.c.i.l.LifecycleMappingFactory - Using org.eclipse.m2e.jdt.JarLifecycleMapping lifecycle mapping for MavenProject: ar.edu.info.unlp:ejercicioDemo:0.0.1-SNAPSHOT @ C:\Users\Usuario\Downloads\repaso_01\ejercicioDemo\pom.xml.
2026-03-14 20:46:17,391 [Worker-26: Building] INFO  o.a.m.s.f.DefaultMavenResourcesFiltering - skip non existing resourceDirectory C:\Users\Usuario\Downloads\repaso_01\ejercicioDemo\src\main\resources
2026-03-14 20:46:17,394 [Worker-26: Building] INFO  o.a.m.s.f.DefaultMavenResourcesFiltering - skip non existing resourceDirectory C:\Users\Usuario\Downloads\repaso_01\ejercicioDemo\src\test\resources
2026-03-14 20:46:18,679 [Worker-7: Building] INFO  o.a.m.s.f.DefaultMavenResourcesFiltering - skip non existing resourceDirectory C:\Users\Usuario\Downloads\repaso_01\ejercicioDemo\src\main\resources
2026-03-14 20:46:18,683 [Worker-7: Building] INFO  o.a.m.s.f.DefaultMavenResourcesFiltering - skip non existing resourceDirectory C:\Users\Usuario\Downloads\repaso_01\ejercicioDemo\src\test\resources
2026-03-26 02:11:50,988 [Worker-5: Loading available Gradle versions] INFO  o.e.b.c.i.u.g.PublishedGradleVersions - Gradle version information cache is out-of-date. Trying to update.
2026-03-26 02:13:28,133 [Worker-5: Loading available Gradle versions] INFO  o.e.b.c.i.u.g.PublishedGradleVersions - Gradle version information cache is up-to-date. Trying to read.
2026-03-26 02:15:50,200 [Worker-4: Loading available Gradle versions] INFO  o.e.b.c.i.u.g.PublishedGradleVersions - Gradle version information cache is up-to-date. Trying to read.
2026-03-26 02:19:30,062 [Worker-24: Importing Maven projects] INFO  o.e.m.c.i.l.LifecycleMappingFactory - Using org.eclipse.m2e.jdt.JarLifecycleMapping lifecycle mapping for MavenProject: ar.edu.info.unlp:ejercicioDemo:0.0.1-SNAPSHOT @ C:\Users\Usuario\Desktop\Sistemas\2026\OO2\repaso_01\ejercicioDemo\pom.xml.
2026-03-26 02:19:30,405 [Worker-24: Importing Maven projects] INFO  o.e.m.j.i.AbstractJavaProjectConfigurator - Adding source folder /ejercicioDemo/src/main/java
2026-03-26 02:19:30,407 [Worker-24: Importing Maven projects] INFO  o.e.m.j.i.AbstractJavaProjectConfigurator - Adding resource folder /ejercicioDemo/src/main/resources
2026-03-26 02:19:30,408 [Worker-24: Importing Maven projects] INFO  o.e.m.j.i.AbstractJavaProjectConfigurator - Adding source folder /ejercicioDemo/src/test/java
2026-03-26 02:19:30,409 [Worker-24: Importing Maven projects] INFO  o.e.m.j.i.AbstractJavaProjectConfigurator - Adding resource folder /ejercicioDemo/src/test/resources
2026-03-26 02:19:30,450 [Worker-24: Importing Maven projects] INFO  o.e.m.c.i.p.ProjectConfigurationManager - Imported and configured 1 project(s) in 0 sec
2026-03-26 02:19:30,836 [Worker-24: Building] INFO  o.a.m.s.f.DefaultMavenResourcesFiltering - skip non existing resourceDirectory C:\Users\Usuario\Desktop\Sistemas\2026\OO2\repaso_01\ejercicioDemo\src\main\resources
2026-03-26 02:19:30,839 [Worker-24: Building] INFO  o.a.m.s.f.DefaultMavenResourcesFiltering - skip non existing resourceDirectory C:\Users\Usuario\Desktop\Sistemas\2026\OO2\repaso_01\ejercicioDemo\src\test\resources
2026-03-26 02:22:21,680 [Worker-24: Launching mavenrun-4bd87b89-9351-46d8-8875-08faa2a81b7f] INFO  o.eclipse.m2e.core.internal.Bundles - getClasspathEntries(Bundle=org.eclipse.m2e.maven.runtime_3.9.900.20240824-1409 [299])
2026-03-26 02:22:21,681 [Worker-24: Launching mavenrun-4bd87b89-9351-46d8-8875-08faa2a81b7f] INFO  o.eclipse.m2e.core.internal.Bundles - 	Entry: C:\Users\Usuario\.p2\pool\plugins\org.eclipse.m2e.maven.runtime_3.9.900.20240824-1409
2026-03-26 02:22:21,681 [Worker-24: Launching mavenrun-4bd87b89-9351-46d8-8875-08faa2a81b7f] INFO  o.eclipse.m2e.core.internal.Bundles - 	Entry: C:\Users\Usuario\.p2\pool\plugins\org.eclipse.m2e.maven.runtime_3.9.900.20240824-1409\jars\aopalliance-1.0.jar
2026-03-26 02:22:21,682 [Worker-24: Launching mavenrun-4bd87b89-9351-46d8-8875-08faa2a81b7f] INFO  o.eclipse.m2e.core.internal.Bundles - 	Entry: C:\Users\Usuario\.p2\pool\plugins\org.eclipse.m2e.maven.runtime_3.9.900.20240824-1409\jars\guice-5.1.0.jar
2026-03-26 02:22:21,682 [Worker-24: Launching mavenrun-4bd87b89-9351-46d8-8875-08faa2a81b7f] INFO  o.eclipse.m2e.core.internal.Bundles - 	Entry: C:\Users\Usuario\.p2\pool\plugins\org.eclipse.m2e.maven.runtime_3.9.900.20240824-1409\jars\httpclient-4.5.14.jar
2026-03-26 02:22:21,682 [Worker-24: Launching mavenrun-4bd87b89-9351-46d8-8875-08faa2a81b7f] INFO  o.eclipse.m2e.core.internal.Bundles - 	Entry: C:\Users\Usuario\.p2\pool\plugins\org.eclipse.m2e.maven.runtime_3.9.900.20240824-1409\jars\httpcore-4.4.16.jar
2026-03-26 02:22:21,682 [Worker-24: Launching mavenrun-4bd87b89-9351-46d8-8875-08faa2a81b7f] INFO  o.eclipse.m2e.core.internal.Bundles - 	Entry: C:\Users\Usuario\.p2\pool\plugins\org.eclipse.m2e.maven.runtime_3.9.900.20240824-1409\jars\jansi-2.4.1.jar
2026-03-26 02:22:21,682 [Worker-24: Launching mavenrun-4bd87b89-9351-46d8-8875-08faa2a81b7f] INFO  o.eclipse.m2e.core.internal.Bundles - 	Entry: C:\Users\Usuario\.p2\pool\plugins\org.eclipse.m2e.maven.runtime_3.9.900.20240824-1409\jars\jcl-over-slf4j-1.7.36.jar
2026-03-26 02:22:21,682 [Worker-24: Launching mavenrun-4bd87b89-9351-46d8-8875-08faa2a81b7f] INFO  o.eclipse.m2e.core.internal.Bundles - 	Entry: C:\Users\Usuario\.p2\pool\plugins\org.eclipse.m2e.maven.runtime_3.9.900.20240824-1409\jars\maven-artifact-3.9.9.jar
2026-03-26 02:22:21,683 [Worker-24: Launching mavenrun-4bd87b89-9351-46d8-8875-08faa2a81b7f] INFO  o.eclipse.m2e.core.internal.Bundles - 	Entry: C:\Users\Usuario\.p2\pool\plugins\org.eclipse.m2e.maven.runtime_3.9.900.20240824-1409\jars\maven-builder-support-3.9.9.jar
2026-03-26 02:22:21,683 [Worker-24: Launching mavenrun-4bd87b89-9351-46d8-8875-08faa2a81b7f] INFO  o.eclipse.m2e.core.internal.Bundles - 	Entry: C:\Users\Usuario\.p2\pool\plugins\org.eclipse.m2e.maven.runtime_3.9.900.20240824-1409\jars\maven-compat-3.9.9.jar
2026-03-26 02:22:21,683 [Worker-24: Launching mavenrun-4bd87b89-9351-46d8-8875-08faa2a81b7f] INFO  o.eclipse.m2e.core.internal.Bundles - 	Entry: C:\Users\Usuario\.p2\pool\plugins\org.eclipse.m2e.maven.runtime_3.9.900.20240824-1409\jars\maven-core-3.9.9.jar
2026-03-26 02:22:21,683 [Worker-24: Launching mavenrun-4bd87b89-9351-46d8-8875-08faa2a81b7f] INFO  o.eclipse.m2e.core.internal.Bundles - 	Entry: C:\Users\Usuario\.p2\pool\plugins\org.eclipse.m2e.maven.runtime_3.9.900.20240824-1409\jars\maven-embedder-3.9.9.jar
2026-03-26 02:22:21,683 [Worker-24: Launching mavenrun-4bd87b89-9351-46d8-8875-08faa2a81b7f] INFO  o.eclipse.m2e.core.internal.Bundles - 	Entry: C:\Users\Usuario\.p2\pool\plugins\org.eclipse.m2e.maven.runtime_3.9.900.20240824-1409\jars\maven-model-3.9.9.jar
2026-03-26 02:22:21,683 [Worker-24: Launching mavenrun-4bd87b89-9351-46d8-8875-08faa2a81b7f] INFO  o.eclipse.m2e.core.internal.Bundles - 	Entry: C:\Users\Usuario\.p2\pool\plugins\org.eclipse.m2e.maven.runtime_3.9.900.20240824-1409\jars\maven-model-builder-3.9.9.jar
2026-03-26 02:22:21,684 [Worker-24: Launching mavenrun-4bd87b89-9351-46d8-8875-08faa2a81b7f] INFO  o.eclipse.m2e.core.internal.Bundles - 	Entry: C:\Users\Usuario\.p2\pool\plugins\org.eclipse.m2e.maven.runtime_3.9.900.20240824-1409\jars\maven-plugin-api-3.9.9.jar
2026-03-26 02:22:21,684 [Worker-24: Launching mavenrun-4bd87b89-9351-46d8-8875-08faa2a81b7f] INFO  o.eclipse.m2e.core.internal.Bundles - 	Entry: C:\Users\Usuario\.p2\pool\plugins\org.eclipse.m2e.maven.runtime_3.9.900.20240824-1409\jars\maven-repository-metadata-3.9.9.jar
2026-03-26 02:22:21,684 [Worker-24: Launching mavenrun-4bd87b89-9351-46d8-8875-08faa2a81b7f] INFO  o.eclipse.m2e.core.internal.Bundles - 	Entry: C:\Users\Usuario\.p2\pool\plugins\org.eclipse.m2e.maven.runtime_3.9.900.20240824-1409\jars\maven-resolver-api-1.9.22.jar
2026-03-26 02:22:21,684 [Worker-24: Launching mavenrun-4bd87b89-9351-46d8-8875-08faa2a81b7f] INFO  o.eclipse.m2e.core.internal.Bundles - 	Entry: C:\Users\Usuario\.p2\pool\plugins\org.eclipse.m2e.maven.runtime_3.9.900.20240824-1409\jars\maven-resolver-connector-basic-1.9.22.jar
2026-03-26 02:22:21,684 [Worker-24: Launching mavenrun-4bd87b89-9351-46d8-8875-08faa2a81b7f] INFO  o.eclipse.m2e.core.internal.Bundles - 	Entry: C:\Users\Usuario\.p2\pool\plugins\org.eclipse.m2e.maven.runtime_3.9.900.20240824-1409\jars\maven-resolver-impl-1.9.22.jar
2026-03-26 02:22:21,685 [Worker-24: Launching mavenrun-4bd87b89-9351-46d8-8875-08faa2a81b7f] INFO  o.eclipse.m2e.core.internal.Bundles - 	Entry: C:\Users\Usuario\.p2\pool\plugins\org.eclipse.m2e.maven.runtime_3.9.900.20240824-1409\jars\maven-resolver-named-locks-1.9.22.jar
2026-03-26 02:22:21,685 [Worker-24: Launching mavenrun-4bd87b89-9351-46d8-8875-08faa2a81b7f] INFO  o.eclipse.m2e.core.internal.Bundles - 	Entry: C:\Users\Usuario\.p2\pool\plugins\org.eclipse.m2e.maven.runtime_3.9.900.20240824-1409\jars\maven-resolver-provider-3.9.9.jar
2026-03-26 02:22:21,685 [Worker-24: Launching mavenrun-4bd87b89-9351-46d8-8875-08faa2a81b7f] INFO  o.eclipse.m2e.core.internal.Bundles - 	Entry: C:\Users\Usuario\.p2\pool\plugins\org.eclipse.m2e.maven.runtime_3.9.900.20240824-1409\jars\maven-resolver-spi-1.9.22.jar
2026-03-26 02:22:21,685 [Worker-24: Launching mavenrun-4bd87b89-9351-46d8-8875-08faa2a81b7f] INFO  o.eclipse.m2e.core.internal.Bundles - 	Entry: C:\Users\Usuario\.p2\pool\plugins\org.eclipse.m2e.maven.runtime_3.9.900.20240824-1409\jars\maven-resolver-transport-file-1.9.22.jar
2026-03-26 02:22:21,685 [Worker-24: Launching mavenrun-4bd87b89-9351-46d8-8875-08faa2a81b7f] INFO  o.eclipse.m2e.core.internal.Bundles - 	Entry: C:\Users\Usuario\.p2\pool\plugins\org.eclipse.m2e.maven.runtime_3.9.900.20240824-1409\jars\maven-resolver-transport-http-1.9.22.jar
2026-03-26 02:22:21,685 [Worker-24: Launching mavenrun-4bd87b89-9351-46d8-8875-08faa2a81b7f] INFO  o.eclipse.m2e.core.internal.Bundles - 	Entry: C:\Users\Usuario\.p2\pool\plugins\org.eclipse.m2e.maven.runtime_3.9.900.20240824-1409\jars\maven-resolver-transport-wagon-1.9.22.jar
2026-03-26 02:22:21,686 [Worker-24: Launching mavenrun-4bd87b89-9351-46d8-8875-08faa2a81b7f] INFO  o.eclipse.m2e.core.internal.Bundles - 	Entry: C:\Users\Usuario\.p2\pool\plugins\org.eclipse.m2e.maven.runtime_3.9.900.20240824-1409\jars\maven-resolver-util-1.9.22.jar
2026-03-26 02:22:21,686 [Worker-24: Launching mavenrun-4bd87b89-9351-46d8-8875-08faa2a81b7f] INFO  o.eclipse.m2e.core.internal.Bundles - 	Entry: C:\Users\Usuario\.p2\pool\plugins\org.eclipse.m2e.maven.runtime_3.9.900.20240824-1409\jars\maven-settings-3.9.9.jar
2026-03-26 02:22:21,686 [Worker-24: Launching mavenrun-4bd87b89-9351-46d8-8875-08faa2a81b7f] INFO  o.eclipse.m2e.core.internal.Bundles - 	Entry: C:\Users\Usuario\.p2\pool\plugins\org.eclipse.m2e.maven.runtime_3.9.900.20240824-1409\jars\maven-settings-builder-3.9.9.jar
2026-03-26 02:22:21,686 [Worker-24: Launching mavenrun-4bd87b89-9351-46d8-8875-08faa2a81b7f] INFO  o.eclipse.m2e.core.internal.Bundles - 	Entry: C:\Users\Usuario\.p2\pool\plugins\org.eclipse.m2e.maven.runtime_3.9.900.20240824-1409\jars\maven-shared-utils-3.4.2.jar
2026-03-26 02:22:21,686 [Worker-24: Launching mavenrun-4bd87b89-9351-46d8-8875-08faa2a81b7f] INFO  o.eclipse.m2e.core.internal.Bundles - 	Entry: C:\Users\Usuario\.p2\pool\plugins\org.eclipse.m2e.maven.runtime_3.9.900.20240824-1409\jars\org.eclipse.sisu.inject-0.9.0.M3.jar
2026-03-26 02:22:21,686 [Worker-24: Launching mavenrun-4bd87b89-9351-46d8-8875-08faa2a81b7f] INFO  o.eclipse.m2e.core.internal.Bundles - 	Entry: C:\Users\Usuario\.p2\pool\plugins\org.eclipse.m2e.maven.runtime_3.9.900.20240824-1409\jars\org.eclipse.sisu.plexus-0.9.0.M3.jar
2026-03-26 02:22:21,686 [Worker-24: Launching mavenrun-4bd87b89-9351-46d8-8875-08faa2a81b7f] INFO  o.eclipse.m2e.core.internal.Bundles - 	Entry: C:\Users\Usuario\.p2\pool\plugins\org.eclipse.m2e.maven.runtime_3.9.900.20240824-1409\jars\plexus-build-api-0.0.7.jar
2026-03-26 02:22:21,686 [Worker-24: Launching mavenrun-4bd87b89-9351-46d8-8875-08faa2a81b7f] INFO  o.eclipse.m2e.core.internal.Bundles - 	Entry: C:\Users\Usuario\.p2\pool\plugins\org.eclipse.m2e.maven.runtime_3.9.900.20240824-1409\jars\plexus-build-api-1.2.0.jar
2026-03-26 02:22:21,686 [Worker-24: Launching mavenrun-4bd87b89-9351-46d8-8875-08faa2a81b7f] INFO  o.eclipse.m2e.core.internal.Bundles - 	Entry: C:\Users\Usuario\.p2\pool\plugins\org.eclipse.m2e.maven.runtime_3.9.900.20240824-1409\jars\plexus-cipher-2.0.jar
2026-03-26 02:22:21,686 [Worker-24: Launching mavenrun-4bd87b89-9351-46d8-8875-08faa2a81b7f] INFO  o.eclipse.m2e.core.internal.Bundles - 	Entry: C:\Users\Usuario\.p2\pool\plugins\org.eclipse.m2e.maven.runtime_3.9.900.20240824-1409\jars\plexus-classworlds-2.8.0.jar
2026-03-26 02:22:21,687 [Worker-24: Launching mavenrun-4bd87b89-9351-46d8-8875-08faa2a81b7f] INFO  o.eclipse.m2e.core.internal.Bundles - 	Entry: C:\Users\Usuario\.p2\pool\plugins\org.eclipse.m2e.maven.runtime_3.9.900.20240824-1409\jars\plexus-component-annotations-2.1.0.jar
2026-03-26 02:22:21,687 [Worker-24: Launching mavenrun-4bd87b89-9351-46d8-8875-08faa2a81b7f] INFO  o.eclipse.m2e.core.internal.Bundles - 	Entry: C:\Users\Usuario\.p2\pool\plugins\org.eclipse.m2e.maven.runtime_3.9.900.20240824-1409\jars\plexus-interpolation-1.27.jar
2026-03-26 02:22:21,687 [Worker-24: Launching mavenrun-4bd87b89-9351-46d8-8875-08faa2a81b7f] INFO  o.eclipse.m2e.core.internal.Bundles - 	Entry: C:\Users\Usuario\.p2\pool\plugins\org.eclipse.m2e.maven.runtime_3.9.900.20240824-1409\jars\plexus-sec-dispatcher-2.0.jar
2026-03-26 02:22:21,687 [Worker-24: Launching mavenrun-4bd87b89-9351-46d8-8875-08faa2a81b7f] INFO  o.eclipse.m2e.core.internal.Bundles - 	Entry: C:\Users\Usuario\.p2\pool\plugins\org.eclipse.m2e.maven.runtime_3.9.900.20240824-1409\jars\plexus-utils-3.5.1.jar
2026-03-26 02:22:21,687 [Worker-24: Launching mavenrun-4bd87b89-9351-46d8-8875-08faa2a81b7f] INFO  o.eclipse.m2e.core.internal.Bundles - 	Entry: C:\Users\Usuario\.p2\pool\plugins\org.eclipse.m2e.maven.runtime_3.9.900.20240824-1409\jars\plexus-xml-3.0.1.jar
2026-03-26 02:22:21,687 [Worker-24: Launching mavenrun-4bd87b89-9351-46d8-8875-08faa2a81b7f] INFO  o.eclipse.m2e.core.internal.Bundles - 	Entry: C:\Users\Usuario\.p2\pool\plugins\org.eclipse.m2e.maven.runtime_3.9.900.20240824-1409\jars\wagon-file-3.5.3.jar
2026-03-26 02:22:21,687 [Worker-24: Launching mavenrun-4bd87b89-9351-46d8-8875-08faa2a81b7f] INFO  o.eclipse.m2e.core.internal.Bundles - 	Entry: C:\Users\Usuario\.p2\pool\plugins\org.eclipse.m2e.maven.runtime_3.9.900.20240824-1409\jars\wagon-http-3.5.3.jar
2026-03-26 02:22:21,687 [Worker-24: Launching mavenrun-4bd87b89-9351-46d8-8875-08faa2a81b7f] INFO  o.eclipse.m2e.core.internal.Bundles - 	Entry: C:\Users\Usuario\.p2\pool\plugins\org.eclipse.m2e.maven.runtime_3.9.900.20240824-1409\jars\wagon-http-shared-3.5.3.jar
2026-03-26 02:22:21,688 [Worker-24: Launching mavenrun-4bd87b89-9351-46d8-8875-08faa2a81b7f] INFO  o.eclipse.m2e.core.internal.Bundles - 	Entry: C:\Users\Usuario\.p2\pool\plugins\org.eclipse.m2e.maven.runtime_3.9.900.20240824-1409\jars\wagon-provider-api-3.5.3.jar
2026-03-26 02:22:21,689 [Worker-24: Launching mavenrun-4bd87b89-9351-46d8-8875-08faa2a81b7f] INFO  o.eclipse.m2e.core.internal.Bundles - getClasspathEntries(Bundle=com.google.guava_33.3.0.jre [10])
2026-03-26 02:22:21,689 [Worker-24: Launching mavenrun-4bd87b89-9351-46d8-8875-08faa2a81b7f] INFO  o.eclipse.m2e.core.internal.Bundles - 	Entry: C:\Users\Usuario\.p2\pool\plugins\com.google.guava_33.3.0.jre.jar
2026-03-26 02:22:21,689 [Worker-24: Launching mavenrun-4bd87b89-9351-46d8-8875-08faa2a81b7f] INFO  o.eclipse.m2e.core.internal.Bundles - getClasspathEntries(Bundle=slf4j.api_2.0.16 [521])
2026-03-26 02:22:21,689 [Worker-24: Launching mavenrun-4bd87b89-9351-46d8-8875-08faa2a81b7f] INFO  o.eclipse.m2e.core.internal.Bundles - 	Entry: C:\Users\Usuario\.p2\pool\plugins\slf4j.api_2.0.16.jar
2026-03-26 02:22:21,690 [Worker-24: Launching mavenrun-4bd87b89-9351-46d8-8875-08faa2a81b7f] INFO  o.eclipse.m2e.core.internal.Bundles - getClasspathEntries(Bundle=jakarta.inject.jakarta.inject-api_1.0.5 [22])
2026-03-26 02:22:21,690 [Worker-24: Launching mavenrun-4bd87b89-9351-46d8-8875-08faa2a81b7f] INFO  o.eclipse.m2e.core.internal.Bundles - 	Entry: C:\Users\Usuario\.p2\pool\plugins\jakarta.inject.jakarta.inject-api_1.0.5.jar
2026-03-26 02:22:21,690 [Worker-24: Launching mavenrun-4bd87b89-9351-46d8-8875-08faa2a81b7f] INFO  o.eclipse.m2e.core.internal.Bundles - getClasspathEntries(Bundle=jakarta.annotation-api_1.3.5 [20])
2026-03-26 02:22:21,690 [Worker-24: Launching mavenrun-4bd87b89-9351-46d8-8875-08faa2a81b7f] INFO  o.eclipse.m2e.core.internal.Bundles - 	Entry: C:\Users\Usuario\.p2\pool\plugins\jakarta.annotation-api_1.3.5.jar
2026-03-26 02:22:21,690 [Worker-24: Launching mavenrun-4bd87b89-9351-46d8-8875-08faa2a81b7f] INFO  o.eclipse.m2e.core.internal.Bundles - getClasspathEntries(Bundle=org.apache.commons.cli_1.9.0 [47])
2026-03-26 02:22:21,690 [Worker-24: Launching mavenrun-4bd87b89-9351-46d8-8875-08faa2a81b7f] INFO  o.eclipse.m2e.core.internal.Bundles - 	Entry: C:\Users\Usuario\.p2\pool\plugins\org.apache.commons.cli_1.9.0.jar
2026-03-26 02:22:21,690 [Worker-24: Launching mavenrun-4bd87b89-9351-46d8-8875-08faa2a81b7f] INFO  o.eclipse.m2e.core.internal.Bundles - getClasspathEntries(Bundle=org.apache.commons.commons-codec_1.16.0 [50])
2026-03-26 02:22:21,691 [Worker-24: Launching mavenrun-4bd87b89-9351-46d8-8875-08faa2a81b7f] INFO  o.eclipse.m2e.core.internal.Bundles - 	Entry: C:\Users\Usuario\.p2\pool\plugins\org.apache.commons.commons-codec_1.16.0.jar
2026-03-26 02:22:21,691 [Worker-24: Launching mavenrun-4bd87b89-9351-46d8-8875-08faa2a81b7f] INFO  o.eclipse.m2e.core.internal.Bundles - getClasspathEntries(Bundle=com.google.guava.failureaccess_1.0.2 [11])
2026-03-26 02:22:21,691 [Worker-24: Launching mavenrun-4bd87b89-9351-46d8-8875-08faa2a81b7f] INFO  o.eclipse.m2e.core.internal.Bundles - 	Entry: C:\Users\Usuario\.p2\pool\plugins\com.google.guava.failureaccess_1.0.2.jar
2026-03-26 02:22:21,693 [Worker-24: Launching mavenrun-4bd87b89-9351-46d8-8875-08faa2a81b7f] INFO  o.e.m.i.launch.MavenLaunchDelegate - Run build in "C:\Users\Usuario\AppData\Local\Temp\m2e-archetypeGenerator14870165921124315672":
2026-03-26 02:22:21,696 [Worker-24: Launching mavenrun-4bd87b89-9351-46d8-8875-08faa2a81b7f] INFO  o.e.m.i.launch.MavenLaunchDelegate -  mvn  -DarchetypeGroupId=io.github.unlp-oo -DarchetypeArtifactId=archetype -DarchetypeVersion=1.0.0 -DgroupId=io.github.unlp-oo -DartifactId=archetype -Dversion=0.0.1-SNAPSHOT -Dpackage=io.github.unlp_oo.archetype -DoutputDirectory=C:\Users\Usuario\Desktop\Sistemas\2026\OO2 -Dstyle.color=always -U archetype:generate
2026-03-26 02:22:49,373 [Worker-21: Creating archetype] INFO  o.e.m.c.i.p.ProjectConfigurationManager - Collecting project info '/pom.xml' C:\Users\Usuario\Desktop\Sistemas\2026\OO2\archetype\pom.xml
2026-03-26 02:22:49,422 [Worker-21: Creating archetype] INFO  o.e.m.c.i.l.LifecycleMappingFactory - Using org.eclipse.m2e.jdt.JarLifecycleMapping lifecycle mapping for MavenProject: io.github.unlp-oo:archetype:0.0.1-SNAPSHOT @ C:\Users\Usuario\Desktop\Sistemas\2026\OO2\archetype\pom.xml.
2026-03-26 02:22:49,711 [Worker-21: Creating archetype] INFO  o.e.m.j.i.AbstractJavaProjectConfigurator - Adding source folder /archetype/src/main/java
2026-03-26 02:22:49,712 [Worker-21: Creating archetype] INFO  o.e.m.j.i.AbstractJavaProjectConfigurator - Adding resource folder /archetype/src/main/resources
2026-03-26 02:22:49,713 [Worker-21: Creating archetype] INFO  o.e.m.j.i.AbstractJavaProjectConfigurator - Adding source folder /archetype/src/test/java
2026-03-26 02:22:49,714 [Worker-21: Creating archetype] INFO  o.e.m.j.i.AbstractJavaProjectConfigurator - Adding resource folder /archetype/src/test/resources
2026-03-26 02:22:49,740 [Worker-21: Creating archetype] INFO  o.e.m.c.i.p.ProjectConfigurationManager - Imported and configured 1 project(s) in 0 sec
2026-03-26 02:22:50,172 [Worker-5: Building] INFO  o.a.m.s.f.DefaultMavenResourcesFiltering - skip non existing resourceDirectory C:\Users\Usuario\Desktop\Sistemas\2026\OO2\archetype\src\main\resources
2026-03-26 02:22:50,174 [Worker-5: Building] INFO  o.a.m.s.f.DefaultMavenResourcesFiltering - skip non existing resourceDirectory C:\Users\Usuario\Desktop\Sistemas\2026\OO2\archetype\src\test\resources
2026-03-26 03:01:54,712 [Worker-27: Building] INFO  o.e.m.c.i.l.LifecycleMappingFactory - Using org.eclipse.m2e.jdt.JarLifecycleMapping lifecycle mapping for MavenProject: io.github.unlp-oo:archetype:0.0.1-SNAPSHOT @ C:\Users\Usuario\Desktop\Sistemas\2026\OO2\RedSocial\pom.xml.
2026-03-26 03:01:54,757 [Worker-27: Building] INFO  o.a.m.s.f.DefaultMavenResourcesFiltering - skip non existing resourceDirectory C:\Users\Usuario\Desktop\Sistemas\2026\OO2\RedSocial\src\main\resources
2026-03-26 03:01:54,759 [Worker-27: Building] INFO  o.a.m.s.f.DefaultMavenResourcesFiltering - skip non existing resourceDirectory C:\Users\Usuario\Desktop\Sistemas\2026\OO2\RedSocial\src\test\resources
2026-03-26 03:01:55,896 [Worker-27: Building] INFO  o.a.m.s.f.DefaultMavenResourcesFiltering - skip non existing resourceDirectory C:\Users\Usuario\Desktop\Sistemas\2026\OO2\RedSocial\src\main\resources
2026-03-26 03:01:55,898 [Worker-27: Building] INFO  o.a.m.s.f.DefaultMavenResourcesFiltering - skip non existing resourceDirectory C:\Users\Usuario\Desktop\Sistemas\2026\OO2\RedSocial\src\test\resources
2026-03-26 04:05:11,981 [Worker-21: Building] INFO  o.a.m.s.f.DefaultMavenResourcesFiltering - skip non existing resourceDirectory C:\Users\Usuario\Desktop\Sistemas\2026\OO2\RedSocial\src\main\resources
2026-03-26 04:05:11,984 [Worker-21: Building] INFO  o.a.m.s.f.DefaultMavenResourcesFiltering - skip non existing resourceDirectory C:\Users\Usuario\Desktop\Sistemas\2026\OO2\RedSocial\src\test\resources
2026-03-26 04:05:15,092 [Worker-35: Building] INFO  o.a.m.s.f.DefaultMavenResourcesFiltering - skip non existing resourceDirectory C:\Users\Usuario\Desktop\Sistemas\2026\OO2\RedSocial\src\main\resources
2026-03-26 04:05:15,093 [Worker-35: Building] INFO  o.a.m.s.f.DefaultMavenResourcesFiltering - skip non existing resourceDirectory C:\Users\Usuario\Desktop\Sistemas\2026\OO2\RedSocial\src\test\resources
2026-03-26 04:05:41,230 [Worker-21: Building] INFO  o.a.m.s.f.DefaultMavenResourcesFiltering - skip non existing resourceDirectory C:\Users\Usuario\Desktop\Sistemas\2026\OO2\RedSocial\src\main\resources
2026-03-26 04:05:41,232 [Worker-21: Building] INFO  o.a.m.s.f.DefaultMavenResourcesFiltering - skip non existing resourceDirectory C:\Users\Usuario\Desktop\Sistemas\2026\OO2\RedSocial\src\test\resources
2026-03-26 04:09:59,972 [Worker-36: Building] INFO  o.a.m.s.f.DefaultMavenResourcesFiltering - skip non existing resourceDirectory C:\Users\Usuario\Desktop\Sistemas\2026\OO2\RedSocial\src\main\resources
2026-03-26 04:09:59,974 [Worker-36: Building] INFO  o.a.m.s.f.DefaultMavenResourcesFiltering - skip non existing resourceDirectory C:\Users\Usuario\Desktop\Sistemas\2026\OO2\RedSocial\src\test\resources
2026-03-26 04:10:35,295 [Worker-36: Building] INFO  o.a.m.s.f.DefaultMavenResourcesFiltering - skip non existing resourceDirectory C:\Users\Usuario\Desktop\Sistemas\2026\OO2\RedSocial\src\main\resources
2026-03-26 04:10:35,297 [Worker-36: Building] INFO  o.a.m.s.f.DefaultMavenResourcesFiltering - skip non existing resourceDirectory C:\Users\Usuario\Desktop\Sistemas\2026\OO2\RedSocial\src\test\resources
2026-03-26 04:10:43,439 [Worker-35: Building] INFO  o.a.m.s.f.DefaultMavenResourcesFiltering - skip non existing resourceDirectory C:\Users\Usuario\Desktop\Sistemas\2026\OO2\RedSocial\src\main\resources
2026-03-26 04:10:43,441 [Worker-35: Building] INFO  o.a.m.s.f.DefaultMavenResourcesFiltering - skip non existing resourceDirectory C:\Users\Usuario\Desktop\Sistemas\2026\OO2\RedSocial\src\test\resources
2026-03-26 04:11:32,293 [Worker-35: Building] INFO  o.a.m.s.f.DefaultMavenResourcesFiltering - skip non existing resourceDirectory C:\Users\Usuario\Desktop\Sistemas\2026\OO2\RedSocial\src\main\resources
2026-03-26 04:11:32,294 [Worker-35: Building] INFO  o.a.m.s.f.DefaultMavenResourcesFiltering - skip non existing resourceDirectory C:\Users\Usuario\Desktop\Sistemas\2026\OO2\RedSocial\src\test\resources
2026-03-26 04:11:38,562 [Worker-21: Building] INFO  o.a.m.s.f.DefaultMavenResourcesFiltering - skip non existing resourceDirectory C:\Users\Usuario\Desktop\Sistemas\2026\OO2\RedSocial\src\main\resources
2026-03-26 04:11:38,563 [Worker-21: Building] INFO  o.a.m.s.f.DefaultMavenResourcesFiltering - skip non existing resourceDirectory C:\Users\Usuario\Desktop\Sistemas\2026\OO2\RedSocial\src\test\resources
2026-03-26 04:12:43,979 [Worker-37: Building] INFO  o.a.m.s.f.DefaultMavenResourcesFiltering - skip non existing resourceDirectory C:\Users\Usuario\Desktop\Sistemas\2026\OO2\RedSocial\src\main\resources
2026-03-26 04:12:43,981 [Worker-37: Building] INFO  o.a.m.s.f.DefaultMavenResourcesFiltering - skip non existing resourceDirectory C:\Users\Usuario\Desktop\Sistemas\2026\OO2\RedSocial\src\test\resources
2026-03-26 04:13:29,474 [Worker-35: Building] INFO  o.a.m.s.f.DefaultMavenResourcesFiltering - skip non existing resourceDirectory C:\Users\Usuario\Desktop\Sistemas\2026\OO2\RedSocial\src\main\resources
2026-03-26 04:13:29,475 [Worker-35: Building] INFO  o.a.m.s.f.DefaultMavenResourcesFiltering - skip non existing resourceDirectory C:\Users\Usuario\Desktop\Sistemas\2026\OO2\RedSocial\src\test\resources
2026-03-26 04:14:27,058 [Worker-37: Building] INFO  o.a.m.s.f.DefaultMavenResourcesFiltering - skip non existing resourceDirectory C:\Users\Usuario\Desktop\Sistemas\2026\OO2\RedSocial\src\main\resources
2026-03-26 04:14:27,060 [Worker-37: Building] INFO  o.a.m.s.f.DefaultMavenResourcesFiltering - skip non existing resourceDirectory C:\Users\Usuario\Desktop\Sistemas\2026\OO2\RedSocial\src\test\resources
2026-03-26 04:14:46,555 [Worker-21: Building] INFO  o.a.m.s.f.DefaultMavenResourcesFiltering - skip non existing resourceDirectory C:\Users\Usuario\Desktop\Sistemas\2026\OO2\RedSocial\src\main\resources
2026-03-26 04:14:46,556 [Worker-21: Building] INFO  o.a.m.s.f.DefaultMavenResourcesFiltering - skip non existing resourceDirectory C:\Users\Usuario\Desktop\Sistemas\2026\OO2\RedSocial\src\test\resources
2026-03-26 04:15:23,077 [Worker-36: Building] INFO  o.a.m.s.f.DefaultMavenResourcesFiltering - skip non existing resourceDirectory C:\Users\Usuario\Desktop\Sistemas\2026\OO2\RedSocial\src\main\resources
2026-03-26 04:15:23,078 [Worker-36: Building] INFO  o.a.m.s.f.DefaultMavenResourcesFiltering - skip non existing resourceDirectory C:\Users\Usuario\Desktop\Sistemas\2026\OO2\RedSocial\src\test\resources
2026-03-26 04:15:39,416 [Worker-36: Building] INFO  o.a.m.s.f.DefaultMavenResourcesFiltering - skip non existing resourceDirectory C:\Users\Usuario\Desktop\Sistemas\2026\OO2\RedSocial\src\main\resources
2026-03-26 04:15:39,417 [Worker-36: Building] INFO  o.a.m.s.f.DefaultMavenResourcesFiltering - skip non existing resourceDirectory C:\Users\Usuario\Desktop\Sistemas\2026\OO2\RedSocial\src\test\resources
2026-03-26 04:17:22,029 [Worker-21: Building] INFO  o.a.m.s.f.DefaultMavenResourcesFiltering - skip non existing resourceDirectory C:\Users\Usuario\Desktop\Sistemas\2026\OO2\RedSocial\src\main\resources
2026-03-26 04:17:22,031 [Worker-21: Building] INFO  o.a.m.s.f.DefaultMavenResourcesFiltering - skip non existing resourceDirectory C:\Users\Usuario\Desktop\Sistemas\2026\OO2\RedSocial\src\test\resources
2026-03-26 04:19:47,585 [Worker-38: Building] INFO  o.a.m.s.f.DefaultMavenResourcesFiltering - skip non existing resourceDirectory C:\Users\Usuario\Desktop\Sistemas\2026\OO2\RedSocial\src\main\resources
2026-03-26 04:19:47,587 [Worker-38: Building] INFO  o.a.m.s.f.DefaultMavenResourcesFiltering - skip non existing resourceDirectory C:\Users\Usuario\Desktop\Sistemas\2026\OO2\RedSocial\src\test\resources
2026-03-26 04:20:12,547 [Worker-38: Building] INFO  o.a.m.s.f.DefaultMavenResourcesFiltering - skip non existing resourceDirectory C:\Users\Usuario\Desktop\Sistemas\2026\OO2\RedSocial\src\main\resources
2026-03-26 04:20:12,547 [Worker-38: Building] INFO  o.a.m.s.f.DefaultMavenResourcesFiltering - skip non existing resourceDirectory C:\Users\Usuario\Desktop\Sistemas\2026\OO2\RedSocial\src\test\resources
2026-03-26 04:20:23,351 [Worker-27: Building] INFO  o.a.m.s.f.DefaultMavenResourcesFiltering - skip non existing resourceDirectory C:\Users\Usuario\Desktop\Sistemas\2026\OO2\RedSocial\src\main\resources
2026-03-26 04:20:23,353 [Worker-27: Building] INFO  o.a.m.s.f.DefaultMavenResourcesFiltering - skip non existing resourceDirectory C:\Users\Usuario\Desktop\Sistemas\2026\OO2\RedSocial\src\test\resources
2026-03-26 04:24:11,713 [Worker-38: Building] INFO  o.a.m.s.f.DefaultMavenResourcesFiltering - skip non existing resourceDirectory C:\Users\Usuario\Desktop\Sistemas\2026\OO2\RedSocial\src\main\resources
2026-03-26 04:24:11,715 [Worker-38: Building] INFO  o.a.m.s.f.DefaultMavenResourcesFiltering - skip non existing resourceDirectory C:\Users\Usuario\Desktop\Sistemas\2026\OO2\RedSocial\src\test\resources
2026-03-26 04:25:48,018 [Worker-38: Building] INFO  o.a.m.s.f.DefaultMavenResourcesFiltering - skip non existing resourceDirectory C:\Users\Usuario\Desktop\Sistemas\2026\OO2\RedSocial\src\main\resources
2026-03-26 04:25:48,020 [Worker-38: Building] INFO  o.a.m.s.f.DefaultMavenResourcesFiltering - skip non existing resourceDirectory C:\Users\Usuario\Desktop\Sistemas\2026\OO2\RedSocial\src\test\resources
2026-03-26 04:25:56,028 [Worker-27: Building] INFO  o.a.m.s.f.DefaultMavenResourcesFiltering - skip non existing resourceDirectory C:\Users\Usuario\Desktop\Sistemas\2026\OO2\RedSocial\src\main\resources
2026-03-26 04:25:56,029 [Worker-27: Building] INFO  o.a.m.s.f.DefaultMavenResourcesFiltering - skip non existing resourceDirectory C:\Users\Usuario\Desktop\Sistemas\2026\OO2\RedSocial\src\test\resources
2026-03-26 04:30:30,665 [Worker-36: Building] INFO  o.a.m.s.f.DefaultMavenResourcesFiltering - skip non existing resourceDirectory C:\Users\Usuario\Desktop\Sistemas\2026\OO2\RedSocial\src\main\resources
2026-03-26 04:30:30,669 [Worker-36: Building] INFO  o.a.m.s.f.DefaultMavenResourcesFiltering - skip non existing resourceDirectory C:\Users\Usuario\Desktop\Sistemas\2026\OO2\RedSocial\src\test\resources
2026-03-26 04:31:12,171 [Worker-37: Building] INFO  o.a.m.s.f.DefaultMavenResourcesFiltering - skip non existing resourceDirectory C:\Users\Usuario\Desktop\Sistemas\2026\OO2\RedSocial\src\main\resources
2026-03-26 04:31:12,172 [Worker-37: Building] INFO  o.a.m.s.f.DefaultMavenResourcesFiltering - skip non existing resourceDirectory C:\Users\Usuario\Desktop\Sistemas\2026\OO2\RedSocial\src\test\resources
2026-03-26 04:31:37,505 [Worker-36: Building] INFO  o.a.m.s.f.DefaultMavenResourcesFiltering - skip non existing resourceDirectory C:\Users\Usuario\Desktop\Sistemas\2026\OO2\RedSocial\src\main\resources
2026-03-26 04:31:37,507 [Worker-36: Building] INFO  o.a.m.s.f.DefaultMavenResourcesFiltering - skip non existing resourceDirectory C:\Users\Usuario\Desktop\Sistemas\2026\OO2\RedSocial\src\test\resources
2026-03-26 04:32:18,563 [Worker-36: Building] INFO  o.a.m.s.f.DefaultMavenResourcesFiltering - skip non existing resourceDirectory C:\Users\Usuario\Desktop\Sistemas\2026\OO2\RedSocial\src\main\resources
2026-03-26 04:32:18,565 [Worker-36: Building] INFO  o.a.m.s.f.DefaultMavenResourcesFiltering - skip non existing resourceDirectory C:\Users\Usuario\Desktop\Sistemas\2026\OO2\RedSocial\src\test\resources
2026-03-26 04:40:43,021 [Worker-38: Building] INFO  o.a.m.s.f.DefaultMavenResourcesFiltering - skip non existing resourceDirectory C:\Users\Usuario\Desktop\Sistemas\2026\OO2\RedSocial\src\main\resources
2026-03-26 04:40:43,022 [Worker-38: Building] INFO  o.a.m.s.f.DefaultMavenResourcesFiltering - skip non existing resourceDirectory C:\Users\Usuario\Desktop\Sistemas\2026\OO2\RedSocial\src\test\resources
2026-03-26 04:43:28,026 [Worker-36: Building] INFO  o.a.m.s.f.DefaultMavenResourcesFiltering - skip non existing resourceDirectory C:\Users\Usuario\Desktop\Sistemas\2026\OO2\RedSocial\src\main\resources
2026-03-26 04:43:28,027 [Worker-36: Building] INFO  o.a.m.s.f.DefaultMavenResourcesFiltering - skip non existing resourceDirectory C:\Users\Usuario\Desktop\Sistemas\2026\OO2\RedSocial\src\test\resources
2026-03-26 04:44:34,765 [Worker-36: Building] INFO  o.a.m.s.f.DefaultMavenResourcesFiltering - skip non existing resourceDirectory C:\Users\Usuario\Desktop\Sistemas\2026\OO2\RedSocial\src\main\resources
2026-03-26 04:44:34,767 [Worker-36: Building] INFO  o.a.m.s.f.DefaultMavenResourcesFiltering - skip non existing resourceDirectory C:\Users\Usuario\Desktop\Sistemas\2026\OO2\RedSocial\src\test\resources
2026-03-26 04:45:00,450 [Worker-40: Building] INFO  o.a.m.s.f.DefaultMavenResourcesFiltering - skip non existing resourceDirectory C:\Users\Usuario\Desktop\Sistemas\2026\OO2\RedSocial\src\main\resources
2026-03-26 04:45:00,451 [Worker-40: Building] INFO  o.a.m.s.f.DefaultMavenResourcesFiltering - skip non existing resourceDirectory C:\Users\Usuario\Desktop\Sistemas\2026\OO2\RedSocial\src\test\resources
2026-03-26 04:45:59,357 [Worker-38: Building] INFO  o.a.m.s.f.DefaultMavenResourcesFiltering - skip non existing resourceDirectory C:\Users\Usuario\Desktop\Sistemas\2026\OO2\RedSocial\src\main\resources
2026-03-26 04:45:59,359 [Worker-38: Building] INFO  o.a.m.s.f.DefaultMavenResourcesFiltering - skip non existing resourceDirectory C:\Users\Usuario\Desktop\Sistemas\2026\OO2\RedSocial\src\test\resources
2026-03-26 04:46:06,078 [Worker-37: Building] INFO  o.a.m.s.f.DefaultMavenResourcesFiltering - skip non existing resourceDirectory C:\Users\Usuario\Desktop\Sistemas\2026\OO2\RedSocial\src\main\resources
2026-03-26 04:46:06,080 [Worker-37: Building] INFO  o.a.m.s.f.DefaultMavenResourcesFiltering - skip non existing resourceDirectory C:\Users\Usuario\Desktop\Sistemas\2026\OO2\RedSocial\src\test\resources
2026-03-26 04:47:33,974 [Worker-40: Building] INFO  o.a.m.s.f.DefaultMavenResourcesFiltering - skip non existing resourceDirectory C:\Users\Usuario\Desktop\Sistemas\2026\OO2\RedSocial\src\main\resources
2026-03-26 04:47:33,975 [Worker-40: Building] INFO  o.a.m.s.f.DefaultMavenResourcesFiltering - skip non existing resourceDirectory C:\Users\Usuario\Desktop\Sistemas\2026\OO2\RedSocial\src\test\resources
2026-03-26 04:48:22,676 [Worker-38: Building] INFO  o.a.m.s.f.DefaultMavenResourcesFiltering - skip non existing resourceDirectory C:\Users\Usuario\Desktop\Sistemas\2026\OO2\RedSocial\src\main\resources
2026-03-26 04:48:22,677 [Worker-38: Building] INFO  o.a.m.s.f.DefaultMavenResourcesFiltering - skip non existing resourceDirectory C:\Users\Usuario\Desktop\Sistemas\2026\OO2\RedSocial\src\test\resources
2026-03-26 04:49:42,089 [Worker-36: Building] INFO  o.a.m.s.f.DefaultMavenResourcesFiltering - skip non existing resourceDirectory C:\Users\Usuario\Desktop\Sistemas\2026\OO2\RedSocial\src\main\resources
2026-03-26 04:49:42,090 [Worker-36: Building] INFO  o.a.m.s.f.DefaultMavenResourcesFiltering - skip non existing resourceDirectory C:\Users\Usuario\Desktop\Sistemas\2026\OO2\RedSocial\src\test\resources
2026-03-26 04:49:54,958 [Worker-36: Building] INFO  o.a.m.s.f.DefaultMavenResourcesFiltering - skip non existing resourceDirectory C:\Users\Usuario\Desktop\Sistemas\2026\OO2\RedSocial\src\main\resources
2026-03-26 04:49:54,959 [Worker-36: Building] INFO  o.a.m.s.f.DefaultMavenResourcesFiltering - skip non existing resourceDirectory C:\Users\Usuario\Desktop\Sistemas\2026\OO2\RedSocial\src\test\resources
2026-03-26 04:52:36,518 [Worker-38: Building] INFO  o.a.m.s.f.DefaultMavenResourcesFiltering - skip non existing resourceDirectory C:\Users\Usuario\Desktop\Sistemas\2026\OO2\RedSocial\src\main\resources
2026-03-26 04:52:36,519 [Worker-38: Building] INFO  o.a.m.s.f.DefaultMavenResourcesFiltering - skip non existing resourceDirectory C:\Users\Usuario\Desktop\Sistemas\2026\OO2\RedSocial\src\test\resources
2026-03-26 04:54:54,281 [Worker-37: Building] INFO  o.a.m.s.f.DefaultMavenResourcesFiltering - skip non existing resourceDirectory C:\Users\Usuario\Desktop\Sistemas\2026\OO2\RedSocial\src\main\resources
2026-03-26 04:54:54,282 [Worker-37: Building] INFO  o.a.m.s.f.DefaultMavenResourcesFiltering - skip non existing resourceDirectory C:\Users\Usuario\Desktop\Sistemas\2026\OO2\RedSocial\src\test\resources
2026-03-26 04:57:29,412 [Worker-40: Building] INFO  o.a.m.s.f.DefaultMavenResourcesFiltering - skip non existing resourceDirectory C:\Users\Usuario\Desktop\Sistemas\2026\OO2\RedSocial\src\main\resources
2026-03-26 04:57:29,413 [Worker-40: Building] INFO  o.a.m.s.f.DefaultMavenResourcesFiltering - skip non existing resourceDirectory C:\Users\Usuario\Desktop\Sistemas\2026\OO2\RedSocial\src\test\resources
2026-03-26 04:58:50,149 [Worker-36: Building] INFO  o.a.m.s.f.DefaultMavenResourcesFiltering - skip non existing resourceDirectory C:\Users\Usuario\Desktop\Sistemas\2026\OO2\RedSocial\src\main\resources
2026-03-26 04:58:50,150 [Worker-36: Building] INFO  o.a.m.s.f.DefaultMavenResourcesFiltering - skip non existing resourceDirectory C:\Users\Usuario\Desktop\Sistemas\2026\OO2\RedSocial\src\test\resources
2026-03-26 05:00:32,551 [Worker-38: Building] INFO  o.a.m.s.f.DefaultMavenResourcesFiltering - skip non existing resourceDirectory C:\Users\Usuario\Desktop\Sistemas\2026\OO2\RedSocial\src\main\resources
2026-03-26 05:00:32,552 [Worker-38: Building] INFO  o.a.m.s.f.DefaultMavenResourcesFiltering - skip non existing resourceDirectory C:\Users\Usuario\Desktop\Sistemas\2026\OO2\RedSocial\src\test\resources
2026-03-26 05:00:53,193 [Worker-37: Building] INFO  o.a.m.s.f.DefaultMavenResourcesFiltering - skip non existing resourceDirectory C:\Users\Usuario\Desktop\Sistemas\2026\OO2\RedSocial\src\main\resources
2026-03-26 05:00:53,194 [Worker-37: Building] INFO  o.a.m.s.f.DefaultMavenResourcesFiltering - skip non existing resourceDirectory C:\Users\Usuario\Desktop\Sistemas\2026\OO2\RedSocial\src\test\resources
2026-03-26 05:00:59,022 [Worker-37: Building] INFO  o.a.m.s.f.DefaultMavenResourcesFiltering - skip non existing resourceDirectory C:\Users\Usuario\Desktop\Sistemas\2026\OO2\RedSocial\src\main\resources
2026-03-26 05:00:59,024 [Worker-37: Building] INFO  o.a.m.s.f.DefaultMavenResourcesFiltering - skip non existing resourceDirectory C:\Users\Usuario\Desktop\Sistemas\2026\OO2\RedSocial\src\test\resources
2026-03-26 05:01:00,846 [Worker-37: Building] INFO  o.a.m.s.f.DefaultMavenResourcesFiltering - skip non existing resourceDirectory C:\Users\Usuario\Desktop\Sistemas\2026\OO2\RedSocial\src\main\resources
2026-03-26 05:01:00,847 [Worker-37: Building] INFO  o.a.m.s.f.DefaultMavenResourcesFiltering - skip non existing resourceDirectory C:\Users\Usuario\Desktop\Sistemas\2026\OO2\RedSocial\src\test\resources
2026-03-26 05:01:09,910 [main] INFO  o.e.m.jdt.internal.UnitTestSupport - Updating SistemaTest from maven configuration
2026-03-26 05:03:00,955 [Worker-41: Building] INFO  o.a.m.s.f.DefaultMavenResourcesFiltering - skip non existing resourceDirectory C:\Users\Usuario\Desktop\Sistemas\2026\OO2\RedSocial\src\main\resources
2026-03-26 05:03:00,956 [Worker-41: Building] INFO  o.a.m.s.f.DefaultMavenResourcesFiltering - skip non existing resourceDirectory C:\Users\Usuario\Desktop\Sistemas\2026\OO2\RedSocial\src\test\resources
2026-03-26 05:03:05,076 [Worker-38: Building] INFO  o.a.m.s.f.DefaultMavenResourcesFiltering - skip non existing resourceDirectory C:\Users\Usuario\Desktop\Sistemas\2026\OO2\RedSocial\src\main\resources
2026-03-26 05:03:05,077 [Worker-38: Building] INFO  o.a.m.s.f.DefaultMavenResourcesFiltering - skip non existing resourceDirectory C:\Users\Usuario\Desktop\Sistemas\2026\OO2\RedSocial\src\test\resources
2026-03-26 05:03:13,153 [Worker-42: Building] INFO  o.a.m.s.f.DefaultMavenResourcesFiltering - skip non existing resourceDirectory C:\Users\Usuario\Desktop\Sistemas\2026\OO2\RedSocial\src\main\resources
2026-03-26 05:03:13,154 [Worker-42: Building] INFO  o.a.m.s.f.DefaultMavenResourcesFiltering - skip non existing resourceDirectory C:\Users\Usuario\Desktop\Sistemas\2026\OO2\RedSocial\src\test\resources
2026-03-26 05:03:41,395 [Worker-40: Building] INFO  o.a.m.s.f.DefaultMavenResourcesFiltering - skip non existing resourceDirectory C:\Users\Usuario\Desktop\Sistemas\2026\OO2\RedSocial\src\main\resources
2026-03-26 05:03:41,397 [Worker-40: Building] INFO  o.a.m.s.f.DefaultMavenResourcesFiltering - skip non existing resourceDirectory C:\Users\Usuario\Desktop\Sistemas\2026\OO2\RedSocial\src\test\resources
2026-03-26 05:04:33,521 [Worker-42: Building] INFO  o.a.m.s.f.DefaultMavenResourcesFiltering - skip non existing resourceDirectory C:\Users\Usuario\Desktop\Sistemas\2026\OO2\RedSocial\src\main\resources
2026-03-26 05:04:33,523 [Worker-42: Building] INFO  o.a.m.s.f.DefaultMavenResourcesFiltering - skip non existing resourceDirectory C:\Users\Usuario\Desktop\Sistemas\2026\OO2\RedSocial\src\test\resources
2026-03-26 05:06:25,907 [Worker-36: Building] INFO  o.a.m.s.f.DefaultMavenResourcesFiltering - skip non existing resourceDirectory C:\Users\Usuario\Desktop\Sistemas\2026\OO2\RedSocial\src\main\resources
2026-03-26 05:06:25,909 [Worker-36: Building] INFO  o.a.m.s.f.DefaultMavenResourcesFiltering - skip non existing resourceDirectory C:\Users\Usuario\Desktop\Sistemas\2026\OO2\RedSocial\src\test\resources
2026-03-26 05:07:12,378 [Worker-36: Building] INFO  o.a.m.s.f.DefaultMavenResourcesFiltering - skip non existing resourceDirectory C:\Users\Usuario\Desktop\Sistemas\2026\OO2\RedSocial\src\main\resources
2026-03-26 05:07:12,378 [Worker-36: Building] INFO  o.a.m.s.f.DefaultMavenResourcesFiltering - skip non existing resourceDirectory C:\Users\Usuario\Desktop\Sistemas\2026\OO2\RedSocial\src\test\resources
2026-03-26 05:08:30,001 [Worker-40: Building] INFO  o.a.m.s.f.DefaultMavenResourcesFiltering - skip non existing resourceDirectory C:\Users\Usuario\Desktop\Sistemas\2026\OO2\RedSocial\src\main\resources
2026-03-26 05:08:30,002 [Worker-40: Building] INFO  o.a.m.s.f.DefaultMavenResourcesFiltering - skip non existing resourceDirectory C:\Users\Usuario\Desktop\Sistemas\2026\OO2\RedSocial\src\test\resources
2026-03-26 05:10:34,189 [Worker-40: Building] INFO  o.a.m.s.f.DefaultMavenResourcesFiltering - skip non existing resourceDirectory C:\Users\Usuario\Desktop\Sistemas\2026\OO2\RedSocial\src\main\resources
2026-03-26 05:10:34,190 [Worker-40: Building] INFO  o.a.m.s.f.DefaultMavenResourcesFiltering - skip non existing resourceDirectory C:\Users\Usuario\Desktop\Sistemas\2026\OO2\RedSocial\src\test\resources
2026-03-26 05:10:38,780 [Worker-36: Building] INFO  o.a.m.s.f.DefaultMavenResourcesFiltering - skip non existing resourceDirectory C:\Users\Usuario\Desktop\Sistemas\2026\OO2\RedSocial\src\main\resources
2026-03-26 05:10:38,781 [Worker-36: Building] INFO  o.a.m.s.f.DefaultMavenResourcesFiltering - skip non existing resourceDirectory C:\Users\Usuario\Desktop\Sistemas\2026\OO2\RedSocial\src\test\resources
2026-03-26 05:11:13,380 [Worker-37: Building] INFO  o.a.m.s.f.DefaultMavenResourcesFiltering - skip non existing resourceDirectory C:\Users\Usuario\Desktop\Sistemas\2026\OO2\RedSocial\src\main\resources
2026-03-26 05:11:13,382 [Worker-37: Building] INFO  o.a.m.s.f.DefaultMavenResourcesFiltering - skip non existing resourceDirectory C:\Users\Usuario\Desktop\Sistemas\2026\OO2\RedSocial\src\test\resources
2026-03-26 05:11:24,421 [Worker-37: Building] INFO  o.a.m.s.f.DefaultMavenResourcesFiltering - skip non existing resourceDirectory C:\Users\Usuario\Desktop\Sistemas\2026\OO2\RedSocial\src\main\resources
2026-03-26 05:11:24,422 [Worker-37: Building] INFO  o.a.m.s.f.DefaultMavenResourcesFiltering - skip non existing resourceDirectory C:\Users\Usuario\Desktop\Sistemas\2026\OO2\RedSocial\src\test\resources
2026-03-26 05:11:35,283 [Worker-41: Building] INFO  o.a.m.s.f.DefaultMavenResourcesFiltering - skip non existing resourceDirectory C:\Users\Usuario\Desktop\Sistemas\2026\OO2\RedSocial\src\main\resources
2026-03-26 05:11:35,283 [Worker-41: Building] INFO  o.a.m.s.f.DefaultMavenResourcesFiltering - skip non existing resourceDirectory C:\Users\Usuario\Desktop\Sistemas\2026\OO2\RedSocial\src\test\resources
2026-03-26 05:13:02,845 [Worker-37: Building] INFO  o.a.m.s.f.DefaultMavenResourcesFiltering - skip non existing resourceDirectory C:\Users\Usuario\Desktop\Sistemas\2026\OO2\RedSocial\src\main\resources
2026-03-26 05:13:02,847 [Worker-37: Building] INFO  o.a.m.s.f.DefaultMavenResourcesFiltering - skip non existing resourceDirectory C:\Users\Usuario\Desktop\Sistemas\2026\OO2\RedSocial\src\test\resources
2026-03-26 05:13:42,641 [Worker-37: Building] INFO  o.a.m.s.f.DefaultMavenResourcesFiltering - skip non existing resourceDirectory C:\Users\Usuario\Desktop\Sistemas\2026\OO2\RedSocial\src\main\resources
2026-03-26 05:13:42,642 [Worker-37: Building] INFO  o.a.m.s.f.DefaultMavenResourcesFiltering - skip non existing resourceDirectory C:\Users\Usuario\Desktop\Sistemas\2026\OO2\RedSocial\src\test\resources
2026-03-26 05:13:46,365 [Worker-43: Building] INFO  o.a.m.s.f.DefaultMavenResourcesFiltering - skip non existing resourceDirectory C:\Users\Usuario\Desktop\Sistemas\2026\OO2\RedSocial\src\main\resources
2026-03-26 05:13:46,367 [Worker-43: Building] INFO  o.a.m.s.f.DefaultMavenResourcesFiltering - skip non existing resourceDirectory C:\Users\Usuario\Desktop\Sistemas\2026\OO2\RedSocial\src\test\resources
2026-03-26 05:13:54,880 [Worker-40: Building] INFO  o.a.m.s.f.DefaultMavenResourcesFiltering - skip non existing resourceDirectory C:\Users\Usuario\Desktop\Sistemas\2026\OO2\RedSocial\src\main\resources
2026-03-26 05:13:54,883 [Worker-40: Building] INFO  o.a.m.s.f.DefaultMavenResourcesFiltering - skip non existing resourceDirectory C:\Users\Usuario\Desktop\Sistemas\2026\OO2\RedSocial\src\test\resources
2026-03-26 05:15:04,436 [Worker-36: Building] INFO  o.a.m.s.f.DefaultMavenResourcesFiltering - skip non existing resourceDirectory C:\Users\Usuario\Desktop\Sistemas\2026\OO2\RedSocial\src\main\resources
2026-03-26 05:15:04,437 [Worker-36: Building] INFO  o.a.m.s.f.DefaultMavenResourcesFiltering - skip non existing resourceDirectory C:\Users\Usuario\Desktop\Sistemas\2026\OO2\RedSocial\src\test\resources
2026-03-26 05:16:03,754 [Worker-43: Building] INFO  o.a.m.s.f.DefaultMavenResourcesFiltering - skip non existing resourceDirectory C:\Users\Usuario\Desktop\Sistemas\2026\OO2\RedSocial\src\main\resources
2026-03-26 05:16:03,755 [Worker-43: Building] INFO  o.a.m.s.f.DefaultMavenResourcesFiltering - skip non existing resourceDirectory C:\Users\Usuario\Desktop\Sistemas\2026\OO2\RedSocial\src\test\resources
2026-03-26 05:16:23,989 [Worker-40: Building] INFO  o.a.m.s.f.DefaultMavenResourcesFiltering - skip non existing resourceDirectory C:\Users\Usuario\Desktop\Sistemas\2026\OO2\RedSocial\src\main\resources
2026-03-26 05:16:23,991 [Worker-40: Building] INFO  o.a.m.s.f.DefaultMavenResourcesFiltering - skip non existing resourceDirectory C:\Users\Usuario\Desktop\Sistemas\2026\OO2\RedSocial\src\test\resources
2026-03-26 05:16:59,819 [Worker-43: Building] INFO  o.a.m.s.f.DefaultMavenResourcesFiltering - skip non existing resourceDirectory C:\Users\Usuario\Desktop\Sistemas\2026\OO2\RedSocial\src\main\resources
2026-03-26 05:16:59,820 [Worker-43: Building] INFO  o.a.m.s.f.DefaultMavenResourcesFiltering - skip non existing resourceDirectory C:\Users\Usuario\Desktop\Sistemas\2026\OO2\RedSocial\src\test\resources
2026-03-26 05:21:15,303 [Worker-43: Building] INFO  o.a.m.s.f.DefaultMavenResourcesFiltering - skip non existing resourceDirectory C:\Users\Usuario\Desktop\Sistemas\2026\OO2\RedSocial\src\main\resources
2026-03-26 05:21:15,305 [Worker-43: Building] INFO  o.a.m.s.f.DefaultMavenResourcesFiltering - skip non existing resourceDirectory C:\Users\Usuario\Desktop\Sistemas\2026\OO2\RedSocial\src\test\resources
2026-03-26 05:22:07,831 [Worker-37: Building] INFO  o.a.m.s.f.DefaultMavenResourcesFiltering - skip non existing resourceDirectory C:\Users\Usuario\Desktop\Sistemas\2026\OO2\RedSocial\src\main\resources
2026-03-26 05:22:07,832 [Worker-37: Building] INFO  o.a.m.s.f.DefaultMavenResourcesFiltering - skip non existing resourceDirectory C:\Users\Usuario\Desktop\Sistemas\2026\OO2\RedSocial\src\test\resources
2026-03-26 05:22:44,145 [Worker-36: Launching SistemaTest] INFO  o.a.m.s.f.DefaultMavenResourcesFiltering - skip non existing resourceDirectory C:\Users\Usuario\Desktop\Sistemas\2026\OO2\RedSocial\src\main\resources
2026-03-26 05:22:44,147 [Worker-36: Launching SistemaTest] INFO  o.a.m.s.f.DefaultMavenResourcesFiltering - skip non existing resourceDirectory C:\Users\Usuario\Desktop\Sistemas\2026\OO2\RedSocial\src\test\resources
2026-03-26 05:23:30,153 [Worker-43: Building] INFO  o.a.m.s.f.DefaultMavenResourcesFiltering - skip non existing resourceDirectory C:\Users\Usuario\Desktop\Sistemas\2026\OO2\RedSocial\src\main\resources
2026-03-26 05:23:30,154 [Worker-43: Building] INFO  o.a.m.s.f.DefaultMavenResourcesFiltering - skip non existing resourceDirectory C:\Users\Usuario\Desktop\Sistemas\2026\OO2\RedSocial\src\test\resources
2026-03-26 05:23:38,730 [Worker-41: Building] INFO  o.a.m.s.f.DefaultMavenResourcesFiltering - skip non existing resourceDirectory C:\Users\Usuario\Desktop\Sistemas\2026\OO2\RedSocial\src\main\resources
2026-03-26 05:23:38,731 [Worker-41: Building] INFO  o.a.m.s.f.DefaultMavenResourcesFiltering - skip non existing resourceDirectory C:\Users\Usuario\Desktop\Sistemas\2026\OO2\RedSocial\src\test\resources
2026-03-26 05:24:29,586 [Worker-37: Building] INFO  o.a.m.s.f.DefaultMavenResourcesFiltering - skip non existing resourceDirectory C:\Users\Usuario\Desktop\Sistemas\2026\OO2\RedSocial\src\main\resources
2026-03-26 05:24:29,587 [Worker-37: Building] INFO  o.a.m.s.f.DefaultMavenResourcesFiltering - skip non existing resourceDirectory C:\Users\Usuario\Desktop\Sistemas\2026\OO2\RedSocial\src\test\resources
2026-03-26 05:24:37,562 [Worker-37: Building] INFO  o.a.m.s.f.DefaultMavenResourcesFiltering - skip non existing resourceDirectory C:\Users\Usuario\Desktop\Sistemas\2026\OO2\RedSocial\src\main\resources
2026-03-26 05:24:37,563 [Worker-37: Building] INFO  o.a.m.s.f.DefaultMavenResourcesFiltering - skip non existing resourceDirectory C:\Users\Usuario\Desktop\Sistemas\2026\OO2\RedSocial\src\test\resources
2026-03-26 05:24:59,843 [Worker-37: Building] INFO  o.a.m.s.f.DefaultMavenResourcesFiltering - skip non existing resourceDirectory C:\Users\Usuario\Desktop\Sistemas\2026\OO2\RedSocial\src\main\resources
2026-03-26 05:24:59,844 [Worker-37: Building] INFO  o.a.m.s.f.DefaultMavenResourcesFiltering - skip non existing resourceDirectory C:\Users\Usuario\Desktop\Sistemas\2026\OO2\RedSocial\src\test\resources
2026-03-26 05:25:32,275 [Worker-37: Building] INFO  o.a.m.s.f.DefaultMavenResourcesFiltering - skip non existing resourceDirectory C:\Users\Usuario\Desktop\Sistemas\2026\OO2\RedSocial\src\main\resources
2026-03-26 05:25:32,276 [Worker-37: Building] INFO  o.a.m.s.f.DefaultMavenResourcesFiltering - skip non existing resourceDirectory C:\Users\Usuario\Desktop\Sistemas\2026\OO2\RedSocial\src\test\resources
2026-03-26 05:26:48,014 [Worker-36: Building] INFO  o.a.m.s.f.DefaultMavenResourcesFiltering - skip non existing resourceDirectory C:\Users\Usuario\Desktop\Sistemas\2026\OO2\RedSocial\src\main\resources
2026-03-26 05:26:48,016 [Worker-36: Building] INFO  o.a.m.s.f.DefaultMavenResourcesFiltering - skip non existing resourceDirectory C:\Users\Usuario\Desktop\Sistemas\2026\OO2\RedSocial\src\test\resources
2026-03-26 05:28:12,317 [Worker-37: Building] INFO  o.a.m.s.f.DefaultMavenResourcesFiltering - skip non existing resourceDirectory C:\Users\Usuario\Desktop\Sistemas\2026\OO2\RedSocial\src\main\resources
2026-03-26 05:28:12,318 [Worker-37: Building] INFO  o.a.m.s.f.DefaultMavenResourcesFiltering - skip non existing resourceDirectory C:\Users\Usuario\Desktop\Sistemas\2026\OO2\RedSocial\src\test\resources
2026-03-26 05:28:18,535 [Worker-45: Building] INFO  o.a.m.s.f.DefaultMavenResourcesFiltering - skip non existing resourceDirectory C:\Users\Usuario\Desktop\Sistemas\2026\OO2\RedSocial\src\main\resources
2026-03-26 05:28:18,536 [Worker-45: Building] INFO  o.a.m.s.f.DefaultMavenResourcesFiltering - skip non existing resourceDirectory C:\Users\Usuario\Desktop\Sistemas\2026\OO2\RedSocial\src\test\resources
2026-03-26 05:29:06,609 [Worker-45: Building] INFO  o.a.m.s.f.DefaultMavenResourcesFiltering - skip non existing resourceDirectory C:\Users\Usuario\Desktop\Sistemas\2026\OO2\RedSocial\src\main\resources
2026-03-26 05:29:06,611 [Worker-45: Building] INFO  o.a.m.s.f.DefaultMavenResourcesFiltering - skip non existing resourceDirectory C:\Users\Usuario\Desktop\Sistemas\2026\OO2\RedSocial\src\test\resources
2026-03-26 05:29:27,194 [Worker-37: Building] INFO  o.a.m.s.f.DefaultMavenResourcesFiltering - skip non existing resourceDirectory C:\Users\Usuario\Desktop\Sistemas\2026\OO2\RedSocial\src\main\resources
2026-03-26 05:29:27,195 [Worker-37: Building] INFO  o.a.m.s.f.DefaultMavenResourcesFiltering - skip non existing resourceDirectory C:\Users\Usuario\Desktop\Sistemas\2026\OO2\RedSocial\src\test\resources
2026-03-26 05:32:27,276 [Worker-37: Building] INFO  o.a.m.s.f.DefaultMavenResourcesFiltering - skip non existing resourceDirectory C:\Users\Usuario\Desktop\Sistemas\2026\OO2\RedSocial\src\main\resources
2026-03-26 05:32:27,277 [Worker-37: Building] INFO  o.a.m.s.f.DefaultMavenResourcesFiltering - skip non existing resourceDirectory C:\Users\Usuario\Desktop\Sistemas\2026\OO2\RedSocial\src\test\resources
2026-03-26 05:33:36,646 [Worker-37: Building] INFO  o.a.m.s.f.DefaultMavenResourcesFiltering - skip non existing resourceDirectory C:\Users\Usuario\Desktop\Sistemas\2026\OO2\RedSocial\src\main\resources
2026-03-26 05:33:36,647 [Worker-37: Building] INFO  o.a.m.s.f.DefaultMavenResourcesFiltering - skip non existing resourceDirectory C:\Users\Usuario\Desktop\Sistemas\2026\OO2\RedSocial\src\test\resources
2026-03-26 05:33:45,583 [Worker-45: Building] INFO  o.a.m.s.f.DefaultMavenResourcesFiltering - skip non existing resourceDirectory C:\Users\Usuario\Desktop\Sistemas\2026\OO2\RedSocial\src\main\resources
2026-03-26 05:33:45,584 [Worker-45: Building] INFO  o.a.m.s.f.DefaultMavenResourcesFiltering - skip non existing resourceDirectory C:\Users\Usuario\Desktop\Sistemas\2026\OO2\RedSocial\src\test\resources
2026-03-26 05:35:07,847 [Worker-36: Building] INFO  o.a.m.s.f.DefaultMavenResourcesFiltering - skip non existing resourceDirectory C:\Users\Usuario\Desktop\Sistemas\2026\OO2\RedSocial\src\main\resources
2026-03-26 05:35:07,848 [Worker-36: Building] INFO  o.a.m.s.f.DefaultMavenResourcesFiltering - skip non existing resourceDirectory C:\Users\Usuario\Desktop\Sistemas\2026\OO2\RedSocial\src\test\resources
2026-03-26 05:35:16,020 [Worker-36: Building] INFO  o.a.m.s.f.DefaultMavenResourcesFiltering - skip non existing resourceDirectory C:\Users\Usuario\Desktop\Sistemas\2026\OO2\RedSocial\src\main\resources
2026-03-26 05:35:16,021 [Worker-36: Building] INFO  o.a.m.s.f.DefaultMavenResourcesFiltering - skip non existing resourceDirectory C:\Users\Usuario\Desktop\Sistemas\2026\OO2\RedSocial\src\test\resources
2026-03-26 05:36:17,829 [Worker-37: Building] INFO  o.a.m.s.f.DefaultMavenResourcesFiltering - skip non existing resourceDirectory C:\Users\Usuario\Desktop\Sistemas\2026\OO2\RedSocial\src\main\resources
2026-03-26 05:36:17,830 [Worker-37: Building] INFO  o.a.m.s.f.DefaultMavenResourcesFiltering - skip non existing resourceDirectory C:\Users\Usuario\Desktop\Sistemas\2026\OO2\RedSocial\src\test\resources
2026-03-26 05:37:28,382 [Worker-37: Building] INFO  o.a.m.s.f.DefaultMavenResourcesFiltering - skip non existing resourceDirectory C:\Users\Usuario\Desktop\Sistemas\2026\OO2\RedSocial\src\main\resources
2026-03-26 05:37:28,383 [Worker-37: Building] INFO  o.a.m.s.f.DefaultMavenResourcesFiltering - skip non existing resourceDirectory C:\Users\Usuario\Desktop\Sistemas\2026\OO2\RedSocial\src\test\resources
2026-03-26 05:37:36,661 [Worker-43: Building] INFO  o.a.m.s.f.DefaultMavenResourcesFiltering - skip non existing resourceDirectory C:\Users\Usuario\Desktop\Sistemas\2026\OO2\RedSocial\src\main\resources
2026-03-26 05:37:36,663 [Worker-43: Building] INFO  o.a.m.s.f.DefaultMavenResourcesFiltering - skip non existing resourceDirectory C:\Users\Usuario\Desktop\Sistemas\2026\OO2\RedSocial\src\test\resources
2026-03-26 05:39:35,929 [Worker-41: Building] INFO  o.a.m.s.f.DefaultMavenResourcesFiltering - skip non existing resourceDirectory C:\Users\Usuario\Desktop\Sistemas\2026\OO2\RedSocial\src\main\resources
2026-03-26 05:39:35,931 [Worker-41: Building] INFO  o.a.m.s.f.DefaultMavenResourcesFiltering - skip non existing resourceDirectory C:\Users\Usuario\Desktop\Sistemas\2026\OO2\RedSocial\src\test\resources
2026-03-26 05:40:38,705 [Worker-37: Building] INFO  o.a.m.s.f.DefaultMavenResourcesFiltering - skip non existing resourceDirectory C:\Users\Usuario\Desktop\Sistemas\2026\OO2\RedSocial\src\main\resources
2026-03-26 05:40:38,706 [Worker-37: Building] INFO  o.a.m.s.f.DefaultMavenResourcesFiltering - skip non existing resourceDirectory C:\Users\Usuario\Desktop\Sistemas\2026\OO2\RedSocial\src\test\resources
2026-03-26 05:40:44,019 [Worker-43: Building] INFO  o.a.m.s.f.DefaultMavenResourcesFiltering - skip non existing resourceDirectory C:\Users\Usuario\Desktop\Sistemas\2026\OO2\RedSocial\src\main\resources
2026-03-26 05:40:44,020 [Worker-43: Building] INFO  o.a.m.s.f.DefaultMavenResourcesFiltering - skip non existing resourceDirectory C:\Users\Usuario\Desktop\Sistemas\2026\OO2\RedSocial\src\test\resources
2026-03-26 05:40:54,367 [main] INFO  o.e.m.jdt.internal.UnitTestSupport - Updating UsuarioTest from maven configuration
2026-03-26 05:42:36,702 [Worker-43: Building] INFO  o.a.m.s.f.DefaultMavenResourcesFiltering - skip non existing resourceDirectory C:\Users\Usuario\Desktop\Sistemas\2026\OO2\RedSocial\src\main\resources
2026-03-26 05:42:36,703 [Worker-43: Building] INFO  o.a.m.s.f.DefaultMavenResourcesFiltering - skip non existing resourceDirectory C:\Users\Usuario\Desktop\Sistemas\2026\OO2\RedSocial\src\test\resources
2026-03-26 05:43:13,181 [Worker-41: Building] INFO  o.a.m.s.f.DefaultMavenResourcesFiltering - skip non existing resourceDirectory C:\Users\Usuario\Desktop\Sistemas\2026\OO2\RedSocial\src\main\resources
2026-03-26 05:43:13,181 [Worker-41: Building] INFO  o.a.m.s.f.DefaultMavenResourcesFiltering - skip non existing resourceDirectory C:\Users\Usuario\Desktop\Sistemas\2026\OO2\RedSocial\src\test\resources
2026-03-26 05:43:33,838 [Worker-37: Building] INFO  o.a.m.s.f.DefaultMavenResourcesFiltering - skip non existing resourceDirectory C:\Users\Usuario\Desktop\Sistemas\2026\OO2\RedSocial\src\main\resources
2026-03-26 05:43:33,839 [Worker-37: Building] INFO  o.a.m.s.f.DefaultMavenResourcesFiltering - skip non existing resourceDirectory C:\Users\Usuario\Desktop\Sistemas\2026\OO2\RedSocial\src\test\resources
2026-03-26 05:44:15,973 [Worker-43: Building] INFO  o.a.m.s.f.DefaultMavenResourcesFiltering - skip non existing resourceDirectory C:\Users\Usuario\Desktop\Sistemas\2026\OO2\RedSocial\src\main\resources
2026-03-26 05:44:15,974 [Worker-43: Building] INFO  o.a.m.s.f.DefaultMavenResourcesFiltering - skip non existing resourceDirectory C:\Users\Usuario\Desktop\Sistemas\2026\OO2\RedSocial\src\test\resources
2026-03-26 05:44:38,247 [Worker-36: Building] INFO  o.a.m.s.f.DefaultMavenResourcesFiltering - skip non existing resourceDirectory C:\Users\Usuario\Desktop\Sistemas\2026\OO2\RedSocial\src\main\resources
2026-03-26 05:44:38,248 [Worker-36: Building] INFO  o.a.m.s.f.DefaultMavenResourcesFiltering - skip non existing resourceDirectory C:\Users\Usuario\Desktop\Sistemas\2026\OO2\RedSocial\src\test\resources
2026-03-26 05:45:10,024 [Worker-36: Building] INFO  o.a.m.s.f.DefaultMavenResourcesFiltering - skip non existing resourceDirectory C:\Users\Usuario\Desktop\Sistemas\2026\OO2\RedSocial\src\main\resources
2026-03-26 05:45:10,025 [Worker-36: Building] INFO  o.a.m.s.f.DefaultMavenResourcesFiltering - skip non existing resourceDirectory C:\Users\Usuario\Desktop\Sistemas\2026\OO2\RedSocial\src\test\resources
2026-03-26 05:45:44,823 [Worker-36: Building] INFO  o.a.m.s.f.DefaultMavenResourcesFiltering - skip non existing resourceDirectory C:\Users\Usuario\Desktop\Sistemas\2026\OO2\RedSocial\src\main\resources
2026-03-26 05:45:44,824 [Worker-36: Building] INFO  o.a.m.s.f.DefaultMavenResourcesFiltering - skip non existing resourceDirectory C:\Users\Usuario\Desktop\Sistemas\2026\OO2\RedSocial\src\test\resources
2026-03-26 05:46:08,248 [Worker-43: Building] INFO  o.a.m.s.f.DefaultMavenResourcesFiltering - skip non existing resourceDirectory C:\Users\Usuario\Desktop\Sistemas\2026\OO2\RedSocial\src\main\resources
2026-03-26 05:46:08,250 [Worker-43: Building] INFO  o.a.m.s.f.DefaultMavenResourcesFiltering - skip non existing resourceDirectory C:\Users\Usuario\Desktop\Sistemas\2026\OO2\RedSocial\src\test\resources
2026-03-26 05:46:38,697 [Worker-37: Building] INFO  o.a.m.s.f.DefaultMavenResourcesFiltering - skip non existing resourceDirectory C:\Users\Usuario\Desktop\Sistemas\2026\OO2\RedSocial\src\main\resources
2026-03-26 05:46:38,698 [Worker-37: Building] INFO  o.a.m.s.f.DefaultMavenResourcesFiltering - skip non existing resourceDirectory C:\Users\Usuario\Desktop\Sistemas\2026\OO2\RedSocial\src\test\resources
2026-03-26 05:47:45,477 [Worker-36: Building] INFO  o.a.m.s.f.DefaultMavenResourcesFiltering - skip non existing resourceDirectory C:\Users\Usuario\Desktop\Sistemas\2026\OO2\RedSocial\src\main\resources
2026-03-26 05:47:45,478 [Worker-36: Building] INFO  o.a.m.s.f.DefaultMavenResourcesFiltering - skip non existing resourceDirectory C:\Users\Usuario\Desktop\Sistemas\2026\OO2\RedSocial\src\test\resources
2026-03-26 05:48:00,037 [Worker-37: Building] INFO  o.a.m.s.f.DefaultMavenResourcesFiltering - skip non existing resourceDirectory C:\Users\Usuario\Desktop\Sistemas\2026\OO2\RedSocial\src\main\resources
2026-03-26 05:48:00,038 [Worker-37: Building] INFO  o.a.m.s.f.DefaultMavenResourcesFiltering - skip non existing resourceDirectory C:\Users\Usuario\Desktop\Sistemas\2026\OO2\RedSocial\src\test\resources
2026-03-26 05:48:23,030 [Worker-45: Building] INFO  o.a.m.s.f.DefaultMavenResourcesFiltering - skip non existing resourceDirectory C:\Users\Usuario\Desktop\Sistemas\2026\OO2\RedSocial\src\main\resources
2026-03-26 05:48:23,030 [Worker-45: Building] INFO  o.a.m.s.f.DefaultMavenResourcesFiltering - skip non existing resourceDirectory C:\Users\Usuario\Desktop\Sistemas\2026\OO2\RedSocial\src\test\resources
2026-03-26 05:48:58,463 [Worker-37: Building] INFO  o.a.m.s.f.DefaultMavenResourcesFiltering - skip non existing resourceDirectory C:\Users\Usuario\Desktop\Sistemas\2026\OO2\RedSocial\src\main\resources
2026-03-26 05:48:58,464 [Worker-37: Building] INFO  o.a.m.s.f.DefaultMavenResourcesFiltering - skip non existing resourceDirectory C:\Users\Usuario\Desktop\Sistemas\2026\OO2\RedSocial\src\test\resources
2026-03-26 05:49:37,205 [Worker-36: Building] INFO  o.a.m.s.f.DefaultMavenResourcesFiltering - skip non existing resourceDirectory C:\Users\Usuario\Desktop\Sistemas\2026\OO2\RedSocial\src\main\resources
2026-03-26 05:49:37,206 [Worker-36: Building] INFO  o.a.m.s.f.DefaultMavenResourcesFiltering - skip non existing resourceDirectory C:\Users\Usuario\Desktop\Sistemas\2026\OO2\RedSocial\src\test\resources
2026-03-26 05:49:42,103 [Worker-36: Building] INFO  o.a.m.s.f.DefaultMavenResourcesFiltering - skip non existing resourceDirectory C:\Users\Usuario\Desktop\Sistemas\2026\OO2\RedSocial\src\main\resources
2026-03-26 05:49:42,104 [Worker-36: Building] INFO  o.a.m.s.f.DefaultMavenResourcesFiltering - skip non existing resourceDirectory C:\Users\Usuario\Desktop\Sistemas\2026\OO2\RedSocial\src\test\resources
2026-03-26 05:49:48,950 [Worker-43: Building] INFO  o.a.m.s.f.DefaultMavenResourcesFiltering - skip non existing resourceDirectory C:\Users\Usuario\Desktop\Sistemas\2026\OO2\RedSocial\src\main\resources
2026-03-26 05:49:48,951 [Worker-43: Building] INFO  o.a.m.s.f.DefaultMavenResourcesFiltering - skip non existing resourceDirectory C:\Users\Usuario\Desktop\Sistemas\2026\OO2\RedSocial\src\test\resources
2026-03-26 05:50:25,430 [Worker-36: Building] INFO  o.a.m.s.f.DefaultMavenResourcesFiltering - skip non existing resourceDirectory C:\Users\Usuario\Desktop\Sistemas\2026\OO2\RedSocial\src\main\resources
2026-03-26 05:50:25,431 [Worker-36: Building] INFO  o.a.m.s.f.DefaultMavenResourcesFiltering - skip non existing resourceDirectory C:\Users\Usuario\Desktop\Sistemas\2026\OO2\RedSocial\src\test\resources
2026-03-26 05:51:24,105 [Worker-37: Building] INFO  o.a.m.s.f.DefaultMavenResourcesFiltering - skip non existing resourceDirectory C:\Users\Usuario\Desktop\Sistemas\2026\OO2\RedSocial\src\main\resources
2026-03-26 05:51:24,106 [Worker-37: Building] INFO  o.a.m.s.f.DefaultMavenResourcesFiltering - skip non existing resourceDirectory C:\Users\Usuario\Desktop\Sistemas\2026\OO2\RedSocial\src\test\resources
2026-03-26 05:51:37,411 [Worker-37: Building] INFO  o.a.m.s.f.DefaultMavenResourcesFiltering - skip non existing resourceDirectory C:\Users\Usuario\Desktop\Sistemas\2026\OO2\RedSocial\src\main\resources
2026-03-26 05:51:37,412 [Worker-37: Building] INFO  o.a.m.s.f.DefaultMavenResourcesFiltering - skip non existing resourceDirectory C:\Users\Usuario\Desktop\Sistemas\2026\OO2\RedSocial\src\test\resources
2026-03-26 05:55:44,401 [Worker-36: Building] INFO  o.a.m.s.f.DefaultMavenResourcesFiltering - skip non existing resourceDirectory C:\Users\Usuario\Desktop\Sistemas\2026\OO2\RedSocial\src\main\resources
2026-03-26 05:55:44,402 [Worker-36: Building] INFO  o.a.m.s.f.DefaultMavenResourcesFiltering - skip non existing resourceDirectory C:\Users\Usuario\Desktop\Sistemas\2026\OO2\RedSocial\src\test\resources
2026-03-26 05:58:22,920 [Worker-37: Building] INFO  o.a.m.s.f.DefaultMavenResourcesFiltering - skip non existing resourceDirectory C:\Users\Usuario\Desktop\Sistemas\2026\OO2\RedSocial\src\main\resources
2026-03-26 05:58:22,921 [Worker-37: Building] INFO  o.a.m.s.f.DefaultMavenResourcesFiltering - skip non existing resourceDirectory C:\Users\Usuario\Desktop\Sistemas\2026\OO2\RedSocial\src\test\resources
2026-03-26 05:58:45,186 [Worker-48: Building] INFO  o.a.m.s.f.DefaultMavenResourcesFiltering - skip non existing resourceDirectory C:\Users\Usuario\Desktop\Sistemas\2026\OO2\RedSocial\src\main\resources
2026-03-26 05:58:45,187 [Worker-48: Building] INFO  o.a.m.s.f.DefaultMavenResourcesFiltering - skip non existing resourceDirectory C:\Users\Usuario\Desktop\Sistemas\2026\OO2\RedSocial\src\test\resources
2026-03-26 05:59:01,442 [Worker-36: Building] INFO  o.a.m.s.f.DefaultMavenResourcesFiltering - skip non existing resourceDirectory C:\Users\Usuario\Desktop\Sistemas\2026\OO2\RedSocial\src\main\resources
2026-03-26 05:59:01,443 [Worker-36: Building] INFO  o.a.m.s.f.DefaultMavenResourcesFiltering - skip non existing resourceDirectory C:\Users\Usuario\Desktop\Sistemas\2026\OO2\RedSocial\src\test\resources
2026-03-26 05:59:29,226 [Worker-47: Building] INFO  o.a.m.s.f.DefaultMavenResourcesFiltering - skip non existing resourceDirectory C:\Users\Usuario\Desktop\Sistemas\2026\OO2\RedSocial\src\main\resources
2026-03-26 05:59:29,227 [Worker-47: Building] INFO  o.a.m.s.f.DefaultMavenResourcesFiltering - skip non existing resourceDirectory C:\Users\Usuario\Desktop\Sistemas\2026\OO2\RedSocial\src\test\resources
2026-03-26 05:59:56,663 [Worker-47: Building] INFO  o.a.m.s.f.DefaultMavenResourcesFiltering - skip non existing resourceDirectory C:\Users\Usuario\Desktop\Sistemas\2026\OO2\RedSocial\src\main\resources
2026-03-26 05:59:56,665 [Worker-47: Building] INFO  o.a.m.s.f.DefaultMavenResourcesFiltering - skip non existing resourceDirectory C:\Users\Usuario\Desktop\Sistemas\2026\OO2\RedSocial\src\test\resources
2026-03-26 06:00:10,897 [Worker-36: Building] INFO  o.a.m.s.f.DefaultMavenResourcesFiltering - skip non existing resourceDirectory C:\Users\Usuario\Desktop\Sistemas\2026\OO2\RedSocial\src\main\resources
2026-03-26 06:00:10,898 [Worker-36: Building] INFO  o.a.m.s.f.DefaultMavenResourcesFiltering - skip non existing resourceDirectory C:\Users\Usuario\Desktop\Sistemas\2026\OO2\RedSocial\src\test\resources
2026-03-26 06:00:16,036 [Worker-36: Building] INFO  o.a.m.s.f.DefaultMavenResourcesFiltering - skip non existing resourceDirectory C:\Users\Usuario\Desktop\Sistemas\2026\OO2\RedSocial\src\main\resources
2026-03-26 06:00:16,036 [Worker-36: Building] INFO  o.a.m.s.f.DefaultMavenResourcesFiltering - skip non existing resourceDirectory C:\Users\Usuario\Desktop\Sistemas\2026\OO2\RedSocial\src\test\resources
2026-03-26 06:00:23,698 [Worker-48: Building] INFO  o.a.m.s.f.DefaultMavenResourcesFiltering - skip non existing resourceDirectory C:\Users\Usuario\Desktop\Sistemas\2026\OO2\RedSocial\src\main\resources
2026-03-26 06:00:23,699 [Worker-48: Building] INFO  o.a.m.s.f.DefaultMavenResourcesFiltering - skip non existing resourceDirectory C:\Users\Usuario\Desktop\Sistemas\2026\OO2\RedSocial\src\test\resources
2026-03-26 06:00:26,268 [Worker-47: Building] INFO  o.a.m.s.f.DefaultMavenResourcesFiltering - skip non existing resourceDirectory C:\Users\Usuario\Desktop\Sistemas\2026\OO2\RedSocial\src\main\resources
2026-03-26 06:00:26,269 [Worker-47: Building] INFO  o.a.m.s.f.DefaultMavenResourcesFiltering - skip non existing resourceDirectory C:\Users\Usuario\Desktop\Sistemas\2026\OO2\RedSocial\src\test\resources
2026-03-26 06:00:28,973 [Worker-36: Building] INFO  o.a.m.s.f.DefaultMavenResourcesFiltering - skip non existing resourceDirectory C:\Users\Usuario\Desktop\Sistemas\2026\OO2\RedSocial\src\main\resources
2026-03-26 06:00:28,974 [Worker-36: Building] INFO  o.a.m.s.f.DefaultMavenResourcesFiltering - skip non existing resourceDirectory C:\Users\Usuario\Desktop\Sistemas\2026\OO2\RedSocial\src\test\resources
2026-03-26 06:00:32,085 [Worker-45: Building] INFO  o.a.m.s.f.DefaultMavenResourcesFiltering - skip non existing resourceDirectory C:\Users\Usuario\Desktop\Sistemas\2026\OO2\RedSocial\src\main\resources
2026-03-26 06:00:32,086 [Worker-45: Building] INFO  o.a.m.s.f.DefaultMavenResourcesFiltering - skip non existing resourceDirectory C:\Users\Usuario\Desktop\Sistemas\2026\OO2\RedSocial\src\test\resources
2026-03-26 06:00:35,004 [Worker-37: Building] INFO  o.a.m.s.f.DefaultMavenResourcesFiltering - skip non existing resourceDirectory C:\Users\Usuario\Desktop\Sistemas\2026\OO2\RedSocial\src\main\resources
2026-03-26 06:00:35,005 [Worker-37: Building] INFO  o.a.m.s.f.DefaultMavenResourcesFiltering - skip non existing resourceDirectory C:\Users\Usuario\Desktop\Sistemas\2026\OO2\RedSocial\src\test\resources
2026-03-26 06:02:41,063 [Worker-37: Building] INFO  o.a.m.s.f.DefaultMavenResourcesFiltering - skip non existing resourceDirectory C:\Users\Usuario\Desktop\Sistemas\2026\OO2\RedSocial\src\main\resources
2026-03-26 06:02:41,064 [Worker-37: Building] INFO  o.a.m.s.f.DefaultMavenResourcesFiltering - skip non existing resourceDirectory C:\Users\Usuario\Desktop\Sistemas\2026\OO2\RedSocial\src\test\resources
2026-03-26 06:04:27,409 [Worker-37: Building] INFO  o.a.m.s.f.DefaultMavenResourcesFiltering - skip non existing resourceDirectory C:\Users\Usuario\Desktop\Sistemas\2026\OO2\RedSocial\src\main\resources
2026-03-26 06:04:27,410 [Worker-37: Building] INFO  o.a.m.s.f.DefaultMavenResourcesFiltering - skip non existing resourceDirectory C:\Users\Usuario\Desktop\Sistemas\2026\OO2\RedSocial\src\test\resources
2026-03-26 06:04:30,610 [Worker-36: Building] INFO  o.a.m.s.f.DefaultMavenResourcesFiltering - skip non existing resourceDirectory C:\Users\Usuario\Desktop\Sistemas\2026\OO2\RedSocial\src\main\resources
2026-03-26 06:04:30,611 [Worker-36: Building] INFO  o.a.m.s.f.DefaultMavenResourcesFiltering - skip non existing resourceDirectory C:\Users\Usuario\Desktop\Sistemas\2026\OO2\RedSocial\src\test\resources
2026-04-10 00:46:37,046 [Worker-2: Loading available Gradle versions] INFO  o.e.b.c.i.u.g.PublishedGradleVersions - Gradle version information cache is out-of-date. Trying to update.
2026-04-10 01:52:42,070 [Worker-3: Loading available Gradle versions] INFO  o.e.b.c.i.u.g.PublishedGradleVersions - Gradle version information cache is up-to-date. Trying to read.
2026-04-14 08:23:00,714 [Worker-4: Loading available Gradle versions] INFO  o.e.b.c.i.u.g.PublishedGradleVersions - Gradle version information cache is up-to-date. Trying to read.
2026-04-14 08:24:02,407 [Worker-20: Building] INFO  o.a.m.s.f.DefaultMavenResourcesFiltering - skip non existing resourceDirectory C:\Users\Usuario\Desktop\Sistemas\2026\OO2\RedSocial\src\main\resources
2026-04-14 08:24:02,413 [Worker-20: Building] INFO  o.a.m.s.f.DefaultMavenResourcesFiltering - skip non existing resourceDirectory C:\Users\Usuario\Desktop\Sistemas\2026\OO2\RedSocial\src\test\resources
2026-04-14 08:24:03,084 [Worker-20: Building] INFO  o.a.m.s.f.DefaultMavenResourcesFiltering - skip non existing resourceDirectory C:\Users\Usuario\Desktop\Sistemas\2026\OO2\repaso_01\ejercicioDemo\src\main\resources
2026-04-14 08:24:03,086 [Worker-20: Building] INFO  o.a.m.s.f.DefaultMavenResourcesFiltering - skip non existing resourceDirectory C:\Users\Usuario\Desktop\Sistemas\2026\OO2\repaso_01\ejercicioDemo\src\test\resources
2026-04-14 08:24:03,430 [Worker-20: Building] INFO  o.e.m.c.i.l.LifecycleMappingFactory - Using org.eclipse.m2e.jdt.JarLifecycleMapping lifecycle mapping for MavenProject: ar.edu.info.unlp:ejercicioDemo:0.0.1-SNAPSHOT @ C:\Users\Usuario\Desktop\Sistemas\2026\OO2\ejercicioDemo2\pom.xml.
2026-04-14 08:24:03,491 [Worker-20: Building] INFO  o.a.m.s.f.DefaultMavenResourcesFiltering - skip non existing resourceDirectory C:\Users\Usuario\Desktop\Sistemas\2026\OO2\ejercicioDemo2\src\main\resources
2026-04-14 08:24:03,492 [Worker-20: Building] INFO  o.a.m.s.f.DefaultMavenResourcesFiltering - skip non existing resourceDirectory C:\Users\Usuario\Desktop\Sistemas\2026\OO2\ejercicioDemo2\src\test\resources
2026-04-14 08:24:04,609 [Worker-21: Building] INFO  o.a.m.s.f.DefaultMavenResourcesFiltering - skip non existing resourceDirectory C:\Users\Usuario\Desktop\Sistemas\2026\OO2\ejercicioDemo2\src\main\resources
2026-04-14 08:24:04,611 [Worker-21: Building] INFO  o.a.m.s.f.DefaultMavenResourcesFiltering - skip non existing resourceDirectory C:\Users\Usuario\Desktop\Sistemas\2026\OO2\ejercicioDemo2\src\test\resources
2026-04-14 08:24:24,625 [Worker-23: Building] INFO  o.e.m.c.i.l.LifecycleMappingFactory - Using org.eclipse.m2e.jdt.JarLifecycleMapping lifecycle mapping for MavenProject: ar.edu.info.unlp:ejercicioDemo:0.0.1-SNAPSHOT @ C:\Users\Usuario\Desktop\Sistemas\2026\OO2\repaso_01\ejercicioDemo\pom.xml.
2026-04-14 08:24:24,676 [Worker-23: Building] INFO  o.a.m.s.f.DefaultMavenResourcesFiltering - skip non existing resourceDirectory C:\Users\Usuario\Desktop\Sistemas\2026\OO2\repaso_01\ejercicioDemo\src\main\resources
2026-04-14 08:24:24,677 [Worker-23: Building] INFO  o.a.m.s.f.DefaultMavenResourcesFiltering - skip non existing resourceDirectory C:\Users\Usuario\Desktop\Sistemas\2026\OO2\repaso_01\ejercicioDemo\src\test\resources
2026-04-14 08:24:25,861 [Worker-19: Building] INFO  o.a.m.s.f.DefaultMavenResourcesFiltering - skip non existing resourceDirectory C:\Users\Usuario\Desktop\Sistemas\2026\OO2\repaso_01\ejercicioDemo\src\main\resources
2026-04-14 08:24:25,863 [Worker-19: Building] INFO  o.a.m.s.f.DefaultMavenResourcesFiltering - skip non existing resourceDirectory C:\Users\Usuario\Desktop\Sistemas\2026\OO2\repaso_01\ejercicioDemo\src\test\resources
2026-04-14 08:25:20,166 [Worker-29: Building] INFO  o.e.m.c.i.l.LifecycleMappingFactory - Using org.eclipse.m2e.jdt.JarLifecycleMapping lifecycle mapping for MavenProject: ar.edu.info.unlp:ejercicioDemo:0.0.1-SNAPSHOT @ C:\Users\Usuario\Desktop\Sistemas\2026\OO2\repaso_01\ejercicioDemo\pom.xml.
2026-04-14 08:25:20,212 [Worker-29: Building] INFO  o.a.m.s.f.DefaultMavenResourcesFiltering - skip non existing resourceDirectory C:\Users\Usuario\Desktop\Sistemas\2026\OO2\repaso_01\ejercicioDemo\src\main\resources
2026-04-14 08:25:20,214 [Worker-29: Building] INFO  o.a.m.s.f.DefaultMavenResourcesFiltering - skip non existing resourceDirectory C:\Users\Usuario\Desktop\Sistemas\2026\OO2\repaso_01\ejercicioDemo\src\test\resources
2026-04-14 08:25:21,375 [Worker-12: Building] INFO  o.a.m.s.f.DefaultMavenResourcesFiltering - skip non existing resourceDirectory C:\Users\Usuario\Desktop\Sistemas\2026\OO2\repaso_01\ejercicioDemo\src\main\resources
2026-04-14 08:25:21,377 [Worker-12: Building] INFO  o.a.m.s.f.DefaultMavenResourcesFiltering - skip non existing resourceDirectory C:\Users\Usuario\Desktop\Sistemas\2026\OO2\repaso_01\ejercicioDemo\src\test\resources
2026-04-14 08:27:12,014 [Worker-29: Building] INFO  o.a.m.s.f.DefaultMavenResourcesFiltering - skip non existing resourceDirectory C:\Users\Usuario\Desktop\Sistemas\2026\OO2\repaso_01\ejercicioDemo\src\main\resources
2026-04-14 08:27:12,016 [Worker-29: Building] INFO  o.a.m.s.f.DefaultMavenResourcesFiltering - skip non existing resourceDirectory C:\Users\Usuario\Desktop\Sistemas\2026\OO2\repaso_01\ejercicioDemo\src\test\resources
2026-04-14 08:27:42,004 [Worker-29: Building] INFO  o.a.m.s.f.DefaultMavenResourcesFiltering - skip non existing resourceDirectory C:\Users\Usuario\Desktop\Sistemas\2026\OO2\repaso_01\ejercicioDemo\src\main\resources
2026-04-14 08:27:42,005 [Worker-29: Building] INFO  o.a.m.s.f.DefaultMavenResourcesFiltering - skip non existing resourceDirectory C:\Users\Usuario\Desktop\Sistemas\2026\OO2\repaso_01\ejercicioDemo\src\test\resources
2026-04-14 08:28:33,407 [Worker-31: Building] INFO  o.a.m.s.f.DefaultMavenResourcesFiltering - skip non existing resourceDirectory C:\Users\Usuario\Desktop\Sistemas\2026\OO2\repaso_01\ejercicioDemo\src\main\resources
2026-04-14 08:28:33,410 [Worker-31: Building] INFO  o.a.m.s.f.DefaultMavenResourcesFiltering - skip non existing resourceDirectory C:\Users\Usuario\Desktop\Sistemas\2026\OO2\repaso_01\ejercicioDemo\src\test\resources
2026-04-14 08:28:41,908 [Worker-30: Building] INFO  o.a.m.s.f.DefaultMavenResourcesFiltering - skip non existing resourceDirectory C:\Users\Usuario\Desktop\Sistemas\2026\OO2\repaso_01\ejercicioDemo\src\main\resources
2026-04-14 08:28:41,911 [Worker-30: Building] INFO  o.a.m.s.f.DefaultMavenResourcesFiltering - skip non existing resourceDirectory C:\Users\Usuario\Desktop\Sistemas\2026\OO2\repaso_01\ejercicioDemo\src\test\resources
2026-04-14 08:30:00,614 [Worker-32: Building] INFO  o.a.m.s.f.DefaultMavenResourcesFiltering - skip non existing resourceDirectory C:\Users\Usuario\Desktop\Sistemas\2026\OO2\repaso_01\ejercicioDemo\src\main\resources
2026-04-14 08:30:00,616 [Worker-32: Building] INFO  o.a.m.s.f.DefaultMavenResourcesFiltering - skip non existing resourceDirectory C:\Users\Usuario\Desktop\Sistemas\2026\OO2\repaso_01\ejercicioDemo\src\test\resources
2026-04-14 08:30:04,302 [Worker-32: Building] INFO  o.a.m.s.f.DefaultMavenResourcesFiltering - skip non existing resourceDirectory C:\Users\Usuario\Desktop\Sistemas\2026\OO2\repaso_01\ejercicioDemo\src\main\resources
2026-04-14 08:30:04,303 [Worker-32: Building] INFO  o.a.m.s.f.DefaultMavenResourcesFiltering - skip non existing resourceDirectory C:\Users\Usuario\Desktop\Sistemas\2026\OO2\repaso_01\ejercicioDemo\src\test\resources
2026-04-14 08:30:31,557 [Worker-32: Building] INFO  o.a.m.s.f.DefaultMavenResourcesFiltering - skip non existing resourceDirectory C:\Users\Usuario\Desktop\Sistemas\2026\OO2\repaso_01\ejercicioDemo\src\main\resources
2026-04-14 08:30:31,559 [Worker-32: Building] INFO  o.a.m.s.f.DefaultMavenResourcesFiltering - skip non existing resourceDirectory C:\Users\Usuario\Desktop\Sistemas\2026\OO2\repaso_01\ejercicioDemo\src\test\resources
2026-04-14 08:31:52,487 [Worker-30: Building] INFO  o.a.m.s.f.DefaultMavenResourcesFiltering - skip non existing resourceDirectory C:\Users\Usuario\Desktop\Sistemas\2026\OO2\repaso_01\ejercicioDemo\src\main\resources
2026-04-14 08:31:52,489 [Worker-30: Building] INFO  o.a.m.s.f.DefaultMavenResourcesFiltering - skip non existing resourceDirectory C:\Users\Usuario\Desktop\Sistemas\2026\OO2\repaso_01\ejercicioDemo\src\test\resources
2026-04-14 08:33:00,107 [Worker-30: Building] INFO  o.a.m.s.f.DefaultMavenResourcesFiltering - skip non existing resourceDirectory C:\Users\Usuario\Desktop\Sistemas\2026\OO2\repaso_01\ejercicioDemo\src\main\resources
2026-04-14 08:33:00,109 [Worker-30: Building] INFO  o.a.m.s.f.DefaultMavenResourcesFiltering - skip non existing resourceDirectory C:\Users\Usuario\Desktop\Sistemas\2026\OO2\repaso_01\ejercicioDemo\src\test\resources
2026-04-14 08:33:10,388 [Worker-30: Building] INFO  o.a.m.s.f.DefaultMavenResourcesFiltering - skip non existing resourceDirectory C:\Users\Usuario\Desktop\Sistemas\2026\OO2\repaso_01\ejercicioDemo\src\main\resources
2026-04-14 08:33:10,389 [Worker-30: Building] INFO  o.a.m.s.f.DefaultMavenResourcesFiltering - skip non existing resourceDirectory C:\Users\Usuario\Desktop\Sistemas\2026\OO2\repaso_01\ejercicioDemo\src\test\resources
2026-04-14 08:34:32,300 [Worker-33: Building] INFO  o.a.m.s.f.DefaultMavenResourcesFiltering - skip non existing resourceDirectory C:\Users\Usuario\Desktop\Sistemas\2026\OO2\repaso_01\ejercicioDemo\src\main\resources
2026-04-14 08:34:32,302 [Worker-33: Building] INFO  o.a.m.s.f.DefaultMavenResourcesFiltering - skip non existing resourceDirectory C:\Users\Usuario\Desktop\Sistemas\2026\OO2\repaso_01\ejercicioDemo\src\test\resources
2026-04-14 08:35:35,406 [Worker-30: Building] INFO  o.a.m.s.f.DefaultMavenResourcesFiltering - skip non existing resourceDirectory C:\Users\Usuario\Desktop\Sistemas\2026\OO2\repaso_01\ejercicioDemo\src\main\resources
2026-04-14 08:35:35,407 [Worker-30: Building] INFO  o.a.m.s.f.DefaultMavenResourcesFiltering - skip non existing resourceDirectory C:\Users\Usuario\Desktop\Sistemas\2026\OO2\repaso_01\ejercicioDemo\src\test\resources
2026-04-14 08:35:47,130 [Worker-30: Building] INFO  o.a.m.s.f.DefaultMavenResourcesFiltering - skip non existing resourceDirectory C:\Users\Usuario\Desktop\Sistemas\2026\OO2\repaso_01\ejercicioDemo\src\main\resources
2026-04-14 08:35:47,131 [Worker-30: Building] INFO  o.a.m.s.f.DefaultMavenResourcesFiltering - skip non existing resourceDirectory C:\Users\Usuario\Desktop\Sistemas\2026\OO2\repaso_01\ejercicioDemo\src\test\resources
2026-04-14 08:35:48,767 [Worker-29: Building] INFO  o.a.m.s.f.DefaultMavenResourcesFiltering - skip non existing resourceDirectory C:\Users\Usuario\Desktop\Sistemas\2026\OO2\repaso_01\ejercicioDemo\src\main\resources
2026-04-14 08:35:48,771 [Worker-29: Building] INFO  o.a.m.s.f.DefaultMavenResourcesFiltering - skip non existing resourceDirectory C:\Users\Usuario\Desktop\Sistemas\2026\OO2\repaso_01\ejercicioDemo\src\test\resources
2026-04-14 08:39:12,280 [Worker-29: Building] INFO  o.a.m.s.f.DefaultMavenResourcesFiltering - skip non existing resourceDirectory C:\Users\Usuario\Desktop\Sistemas\2026\OO2\repaso_01\ejercicioDemo\src\main\resources
2026-04-14 08:39:12,282 [Worker-29: Building] INFO  o.a.m.s.f.DefaultMavenResourcesFiltering - skip non existing resourceDirectory C:\Users\Usuario\Desktop\Sistemas\2026\OO2\repaso_01\ejercicioDemo\src\test\resources
2026-04-14 08:39:13,717 [main] INFO  o.e.m.jdt.internal.UnitTestSupport - Updating TestCharRing from maven configuration
2026-04-14 08:39:14,149 [Worker-33: Launching TestCharRing] INFO  o.a.m.s.f.DefaultMavenResourcesFiltering - skip non existing resourceDirectory C:\Users\Usuario\Desktop\Sistemas\2026\OO2\repaso_01\ejercicioDemo\src\main\resources
2026-04-14 08:39:14,151 [Worker-33: Launching TestCharRing] INFO  o.a.m.s.f.DefaultMavenResourcesFiltering - skip non existing resourceDirectory C:\Users\Usuario\Desktop\Sistemas\2026\OO2\repaso_01\ejercicioDemo\src\test\resources
2026-04-14 08:40:22,300 [Worker-29: Building] INFO  o.a.m.s.f.DefaultMavenResourcesFiltering - skip non existing resourceDirectory C:\Users\Usuario\Desktop\Sistemas\2026\OO2\repaso_01\ejercicioDemo\src\main\resources
2026-04-14 08:40:22,302 [Worker-29: Building] INFO  o.a.m.s.f.DefaultMavenResourcesFiltering - skip non existing resourceDirectory C:\Users\Usuario\Desktop\Sistemas\2026\OO2\repaso_01\ejercicioDemo\src\test\resources
2026-04-14 08:41:00,348 [Worker-29: Building] INFO  o.a.m.s.f.DefaultMavenResourcesFiltering - skip non existing resourceDirectory C:\Users\Usuario\Desktop\Sistemas\2026\OO2\repaso_01\ejercicioDemo\src\main\resources
2026-04-14 08:41:00,349 [Worker-29: Building] INFO  o.a.m.s.f.DefaultMavenResourcesFiltering - skip non existing resourceDirectory C:\Users\Usuario\Desktop\Sistemas\2026\OO2\repaso_01\ejercicioDemo\src\test\resources
2026-04-14 08:42:14,480 [Worker-35: Building] INFO  o.a.m.s.f.DefaultMavenResourcesFiltering - skip non existing resourceDirectory C:\Users\Usuario\Desktop\Sistemas\2026\OO2\repaso_01\ejercicioDemo\src\main\resources
2026-04-14 08:42:14,482 [Worker-35: Building] INFO  o.a.m.s.f.DefaultMavenResourcesFiltering - skip non existing resourceDirectory C:\Users\Usuario\Desktop\Sistemas\2026\OO2\repaso_01\ejercicioDemo\src\test\resources
2026-04-14 08:43:49,569 [Worker-35: Building] INFO  o.a.m.s.f.DefaultMavenResourcesFiltering - skip non existing resourceDirectory C:\Users\Usuario\Desktop\Sistemas\2026\OO2\repaso_01\ejercicioDemo\src\main\resources
2026-04-14 08:43:49,571 [Worker-35: Building] INFO  o.a.m.s.f.DefaultMavenResourcesFiltering - skip non existing resourceDirectory C:\Users\Usuario\Desktop\Sistemas\2026\OO2\repaso_01\ejercicioDemo\src\test\resources
2026-04-14 08:45:08,473 [Worker-35: Building] INFO  o.a.m.s.f.DefaultMavenResourcesFiltering - skip non existing resourceDirectory C:\Users\Usuario\Desktop\Sistemas\2026\OO2\repaso_01\ejercicioDemo\src\main\resources
2026-04-14 08:45:08,474 [Worker-35: Building] INFO  o.a.m.s.f.DefaultMavenResourcesFiltering - skip non existing resourceDirectory C:\Users\Usuario\Desktop\Sistemas\2026\OO2\repaso_01\ejercicioDemo\src\test\resources
2026-04-14 08:45:14,862 [main] INFO  o.e.m.jdt.internal.UnitTestSupport - Updating TestIntRing from maven configuration
2026-04-14 08:46:34,860 [Worker-29: Building] INFO  o.a.m.s.f.DefaultMavenResourcesFiltering - skip non existing resourceDirectory C:\Users\Usuario\Desktop\Sistemas\2026\OO2\repaso_01\ejercicioDemo\src\main\resources
2026-04-14 08:46:34,862 [Worker-29: Building] INFO  o.a.m.s.f.DefaultMavenResourcesFiltering - skip non existing resourceDirectory C:\Users\Usuario\Desktop\Sistemas\2026\OO2\repaso_01\ejercicioDemo\src\test\resources
2026-04-14 08:48:21,172 [Worker-36: Building] INFO  o.a.m.s.f.DefaultMavenResourcesFiltering - skip non existing resourceDirectory C:\Users\Usuario\Desktop\Sistemas\2026\OO2\repaso_01\ejercicioDemo\src\main\resources
2026-04-14 08:48:21,173 [Worker-36: Building] INFO  o.a.m.s.f.DefaultMavenResourcesFiltering - skip non existing resourceDirectory C:\Users\Usuario\Desktop\Sistemas\2026\OO2\repaso_01\ejercicioDemo\src\test\resources
2026-04-14 08:49:49,834 [Worker-37: Building] INFO  o.a.m.s.f.DefaultMavenResourcesFiltering - skip non existing resourceDirectory C:\Users\Usuario\Desktop\Sistemas\2026\OO2\repaso_01\ejercicioDemo\src\main\resources
2026-04-14 08:49:49,837 [Worker-37: Building] INFO  o.a.m.s.f.DefaultMavenResourcesFiltering - skip non existing resourceDirectory C:\Users\Usuario\Desktop\Sistemas\2026\OO2\repaso_01\ejercicioDemo\src\test\resources
2026-04-14 08:53:13,847 [Worker-33: Building] INFO  o.a.m.s.f.DefaultMavenResourcesFiltering - skip non existing resourceDirectory C:\Users\Usuario\Desktop\Sistemas\2026\OO2\repaso_01\ejercicioDemo\src\main\resources
2026-04-14 08:53:13,848 [Worker-33: Building] INFO  o.a.m.s.f.DefaultMavenResourcesFiltering - skip non existing resourceDirectory C:\Users\Usuario\Desktop\Sistemas\2026\OO2\repaso_01\ejercicioDemo\src\test\resources
2026-04-14 08:53:26,156 [Worker-40: Building] INFO  o.a.m.s.f.DefaultMavenResourcesFiltering - skip non existing resourceDirectory C:\Users\Usuario\Desktop\Sistemas\2026\OO2\repaso_01\ejercicioDemo\src\main\resources
2026-04-14 08:53:26,158 [Worker-40: Building] INFO  o.a.m.s.f.DefaultMavenResourcesFiltering - skip non existing resourceDirectory C:\Users\Usuario\Desktop\Sistemas\2026\OO2\repaso_01\ejercicioDemo\src\test\resources
2026-04-14 08:53:43,549 [Worker-33: Building] INFO  o.a.m.s.f.DefaultMavenResourcesFiltering - skip non existing resourceDirectory C:\Users\Usuario\Desktop\Sistemas\2026\OO2\repaso_01\ejercicioDemo\src\main\resources
2026-04-14 08:53:43,550 [Worker-33: Building] INFO  o.a.m.s.f.DefaultMavenResourcesFiltering - skip non existing resourceDirectory C:\Users\Usuario\Desktop\Sistemas\2026\OO2\repaso_01\ejercicioDemo\src\test\resources
2026-04-14 08:55:24,442 [Worker-42: Building] INFO  o.a.m.s.f.DefaultMavenResourcesFiltering - skip non existing resourceDirectory C:\Users\Usuario\Desktop\Sistemas\2026\OO2\repaso_01\ejercicioDemo\src\main\resources
2026-04-14 08:55:24,445 [Worker-42: Building] INFO  o.a.m.s.f.DefaultMavenResourcesFiltering - skip non existing resourceDirectory C:\Users\Usuario\Desktop\Sistemas\2026\OO2\repaso_01\ejercicioDemo\src\test\resources
2026-04-14 08:55:49,049 [Worker-40: Building] INFO  o.a.m.s.f.DefaultMavenResourcesFiltering - skip non existing resourceDirectory C:\Users\Usuario\Desktop\Sistemas\2026\OO2\repaso_01\ejercicioDemo\src\main\resources
2026-04-14 08:55:49,051 [Worker-40: Building] INFO  o.a.m.s.f.DefaultMavenResourcesFiltering - skip non existing resourceDirectory C:\Users\Usuario\Desktop\Sistemas\2026\OO2\repaso_01\ejercicioDemo\src\test\resources
2026-04-14 08:55:50,899 [Worker-43: Building] INFO  o.a.m.s.f.DefaultMavenResourcesFiltering - skip non existing resourceDirectory C:\Users\Usuario\Desktop\Sistemas\2026\OO2\repaso_01\ejercicioDemo\src\main\resources
2026-04-14 08:55:50,900 [Worker-43: Building] INFO  o.a.m.s.f.DefaultMavenResourcesFiltering - skip non existing resourceDirectory C:\Users\Usuario\Desktop\Sistemas\2026\OO2\repaso_01\ejercicioDemo\src\test\resources
2026-04-14 08:58:07,753 [Worker-42: Building] INFO  o.a.m.s.f.DefaultMavenResourcesFiltering - skip non existing resourceDirectory C:\Users\Usuario\Desktop\Sistemas\2026\OO2\repaso_01\ejercicioDemo\src\main\resources
2026-04-14 08:58:07,754 [Worker-42: Building] INFO  o.a.m.s.f.DefaultMavenResourcesFiltering - skip non existing resourceDirectory C:\Users\Usuario\Desktop\Sistemas\2026\OO2\repaso_01\ejercicioDemo\src\test\resources
2026-04-14 08:58:38,650 [Worker-40: Building] INFO  o.a.m.s.f.DefaultMavenResourcesFiltering - skip non existing resourceDirectory C:\Users\Usuario\Desktop\Sistemas\2026\OO2\repaso_01\ejercicioDemo\src\main\resources
2026-04-14 08:58:38,651 [Worker-40: Building] INFO  o.a.m.s.f.DefaultMavenResourcesFiltering - skip non existing resourceDirectory C:\Users\Usuario\Desktop\Sistemas\2026\OO2\repaso_01\ejercicioDemo\src\test\resources
2026-04-14 09:01:02,435 [Worker-45: Building] INFO  o.e.m.c.i.l.LifecycleMappingFactory - Using org.eclipse.m2e.jdt.JarLifecycleMapping lifecycle mapping for MavenProject: ar.edu.info.unlp:ejercicioDemo:0.0.1-SNAPSHOT @ C:\Users\Usuario\Desktop\Sistemas\2026\OO2\ejercicioDemo3\pom.xml.
2026-04-14 09:01:02,488 [Worker-45: Building] INFO  o.a.m.s.f.DefaultMavenResourcesFiltering - skip non existing resourceDirectory C:\Users\Usuario\Desktop\Sistemas\2026\OO2\ejercicioDemo3\src\main\resources
2026-04-14 09:01:02,489 [Worker-45: Building] INFO  o.a.m.s.f.DefaultMavenResourcesFiltering - skip non existing resourceDirectory C:\Users\Usuario\Desktop\Sistemas\2026\OO2\ejercicioDemo3\src\test\resources
2026-04-14 09:01:03,699 [Worker-39: Building] INFO  o.a.m.s.f.DefaultMavenResourcesFiltering - skip non existing resourceDirectory C:\Users\Usuario\Desktop\Sistemas\2026\OO2\ejercicioDemo3\src\main\resources
2026-04-14 09:01:03,702 [Worker-39: Building] INFO  o.a.m.s.f.DefaultMavenResourcesFiltering - skip non existing resourceDirectory C:\Users\Usuario\Desktop\Sistemas\2026\OO2\ejercicioDemo3\src\test\resources
2026-04-14 09:01:09,638 [Worker-39: Building] INFO  o.e.m.c.i.l.LifecycleMappingFactory - Using org.eclipse.m2e.jdt.JarLifecycleMapping lifecycle mapping for MavenProject: ar.edu.info.unlp:ejercicioDemo:0.0.1-SNAPSHOT @ C:\Users\Usuario\Desktop\Sistemas\2026\OO2\prac2ejer4\pom.xml.
2026-04-14 09:01:09,682 [Worker-39: Building] INFO  o.a.m.s.f.DefaultMavenResourcesFiltering - skip non existing resourceDirectory C:\Users\Usuario\Desktop\Sistemas\2026\OO2\prac2ejer4\src\main\resources
2026-04-14 09:01:09,686 [Worker-39: Building] INFO  o.a.m.s.f.DefaultMavenResourcesFiltering - skip non existing resourceDirectory C:\Users\Usuario\Desktop\Sistemas\2026\OO2\prac2ejer4\src\test\resources
2026-04-14 09:01:10,840 [Worker-42: Building] INFO  o.a.m.s.f.DefaultMavenResourcesFiltering - skip non existing resourceDirectory C:\Users\Usuario\Desktop\Sistemas\2026\OO2\prac2ejer4\src\main\resources
2026-04-14 09:01:10,841 [Worker-42: Building] INFO  o.a.m.s.f.DefaultMavenResourcesFiltering - skip non existing resourceDirectory C:\Users\Usuario\Desktop\Sistemas\2026\OO2\prac2ejer4\src\test\resources
2026-04-14 09:01:29,833 [Worker-39: Building] INFO  o.a.m.s.f.DefaultMavenResourcesFiltering - skip non existing resourceDirectory C:\Users\Usuario\Desktop\Sistemas\2026\OO2\prac2ejer4\src\main\resources
2026-04-14 09:01:29,836 [Worker-39: Building] INFO  o.a.m.s.f.DefaultMavenResourcesFiltering - skip non existing resourceDirectory C:\Users\Usuario\Desktop\Sistemas\2026\OO2\prac2ejer4\src\test\resources
2026-04-14 09:01:36,989 [Worker-46: Building] INFO  o.a.m.s.f.DefaultMavenResourcesFiltering - skip non existing resourceDirectory C:\Users\Usuario\Desktop\Sistemas\2026\OO2\prac2ejer4\src\main\resources
2026-04-14 09:01:36,990 [Worker-46: Building] INFO  o.a.m.s.f.DefaultMavenResourcesFiltering - skip non existing resourceDirectory C:\Users\Usuario\Desktop\Sistemas\2026\OO2\prac2ejer4\src\test\resources
2026-04-14 09:01:56,013 [Worker-49: Building] INFO  o.a.m.s.f.DefaultMavenResourcesFiltering - skip non existing resourceDirectory C:\Users\Usuario\Desktop\Sistemas\2026\OO2\prac2ejer4\src\main\resources
2026-04-14 09:01:56,014 [Worker-49: Building] INFO  o.a.m.s.f.DefaultMavenResourcesFiltering - skip non existing resourceDirectory C:\Users\Usuario\Desktop\Sistemas\2026\OO2\prac2ejer4\src\test\resources
2026-04-14 09:02:09,799 [Worker-39: Building] INFO  o.a.m.s.f.DefaultMavenResourcesFiltering - skip non existing resourceDirectory C:\Users\Usuario\Desktop\Sistemas\2026\OO2\prac2ejer4\src\main\resources
2026-04-14 09:02:09,800 [Worker-39: Building] INFO  o.a.m.s.f.DefaultMavenResourcesFiltering - skip non existing resourceDirectory C:\Users\Usuario\Desktop\Sistemas\2026\OO2\prac2ejer4\src\test\resources
2026-04-14 09:46:37,467 [Worker-46: Building] INFO  o.a.m.s.f.DefaultMavenResourcesFiltering - skip non existing resourceDirectory C:\Users\Usuario\Desktop\Sistemas\2026\OO2\prac2ejer4\src\main\resources
2026-04-14 09:46:37,469 [Worker-46: Building] INFO  o.a.m.s.f.DefaultMavenResourcesFiltering - skip non existing resourceDirectory C:\Users\Usuario\Desktop\Sistemas\2026\OO2\prac2ejer4\src\test\resources
2026-04-14 09:46:47,167 [Worker-46: Building] INFO  o.a.m.s.f.DefaultMavenResourcesFiltering - skip non existing resourceDirectory C:\Users\Usuario\Desktop\Sistemas\2026\OO2\prac2ejer4\src\main\resources
2026-04-14 09:46:47,168 [Worker-46: Building] INFO  o.a.m.s.f.DefaultMavenResourcesFiltering - skip non existing resourceDirectory C:\Users\Usuario\Desktop\Sistemas\2026\OO2\prac2ejer4\src\test\resources
2026-04-14 09:47:21,786 [Worker-49: Building] INFO  o.a.m.s.f.DefaultMavenResourcesFiltering - skip non existing resourceDirectory C:\Users\Usuario\Desktop\Sistemas\2026\OO2\prac2ejer4\src\main\resources
2026-04-14 09:47:21,787 [Worker-49: Building] INFO  o.a.m.s.f.DefaultMavenResourcesFiltering - skip non existing resourceDirectory C:\Users\Usuario\Desktop\Sistemas\2026\OO2\prac2ejer4\src\test\resources
2026-04-14 09:47:51,434 [Worker-51: Building] INFO  o.a.m.s.f.DefaultMavenResourcesFiltering - skip non existing resourceDirectory C:\Users\Usuario\Desktop\Sistemas\2026\OO2\prac2ejer4\src\main\resources
2026-04-14 09:47:51,435 [Worker-51: Building] INFO  o.a.m.s.f.DefaultMavenResourcesFiltering - skip non existing resourceDirectory C:\Users\Usuario\Desktop\Sistemas\2026\OO2\prac2ejer4\src\test\resources
2026-04-14 09:48:14,942 [Worker-51: Building] INFO  o.e.m.c.i.l.LifecycleMappingFactory - Using org.eclipse.m2e.jdt.JarLifecycleMapping lifecycle mapping for MavenProject: ar.edu.info.unlp:ejercicioDemo:0.0.1-SNAPSHOT @ C:\Users\Usuario\Desktop\Sistemas\2026\OO2\prac2ejer5\pom.xml.
2026-04-14 09:48:14,987 [Worker-51: Building] INFO  o.a.m.s.f.DefaultMavenResourcesFiltering - skip non existing resourceDirectory C:\Users\Usuario\Desktop\Sistemas\2026\OO2\prac2ejer5\src\main\resources
2026-04-14 09:48:14,988 [Worker-51: Building] INFO  o.a.m.s.f.DefaultMavenResourcesFiltering - skip non existing resourceDirectory C:\Users\Usuario\Desktop\Sistemas\2026\OO2\prac2ejer5\src\test\resources
2026-04-14 09:48:16,203 [Worker-49: Building] INFO  o.a.m.s.f.DefaultMavenResourcesFiltering - skip non existing resourceDirectory C:\Users\Usuario\Desktop\Sistemas\2026\OO2\prac2ejer5\src\main\resources
2026-04-14 09:48:16,204 [Worker-49: Building] INFO  o.a.m.s.f.DefaultMavenResourcesFiltering - skip non existing resourceDirectory C:\Users\Usuario\Desktop\Sistemas\2026\OO2\prac2ejer5\src\test\resources
2026-04-14 09:49:34,729 [Worker-55: Building] INFO  o.e.m.c.i.l.LifecycleMappingFactory - Using org.eclipse.m2e.jdt.JarLifecycleMapping lifecycle mapping for MavenProject: ar.edu.info.unlp:ejercicioDemo:0.0.1-SNAPSHOT @ C:\Users\Usuario\Desktop\Sistemas\2026\OO2\prac2ejer6\pom.xml.
2026-04-14 09:49:34,786 [Worker-55: Building] INFO  o.a.m.s.f.DefaultMavenResourcesFiltering - skip non existing resourceDirectory C:\Users\Usuario\Desktop\Sistemas\2026\OO2\prac2ejer6\src\main\resources
2026-04-14 09:49:34,786 [Worker-55: Building] INFO  o.a.m.s.f.DefaultMavenResourcesFiltering - skip non existing resourceDirectory C:\Users\Usuario\Desktop\Sistemas\2026\OO2\prac2ejer6\src\test\resources
2026-04-14 09:49:35,886 [Worker-53: Building] INFO  o.a.m.s.f.DefaultMavenResourcesFiltering - skip non existing resourceDirectory C:\Users\Usuario\Desktop\Sistemas\2026\OO2\prac2ejer6\src\main\resources
2026-04-14 09:49:35,888 [Worker-53: Building] INFO  o.a.m.s.f.DefaultMavenResourcesFiltering - skip non existing resourceDirectory C:\Users\Usuario\Desktop\Sistemas\2026\OO2\prac2ejer6\src\test\resources
2026-04-14 09:50:04,931 [Worker-55: Importing Maven projects] INFO  o.e.m.c.i.l.LifecycleMappingFactory - Using org.eclipse.m2e.jdt.JarLifecycleMapping lifecycle mapping for MavenProject: ar.edu.info.unlp:refactoring-ej-1:0.0.1-SNAPSHOT @ C:\Users\Usuario\Downloads\ejercicio 3\ejercicio 3\pom.xml.
2026-04-14 09:50:05,303 [Worker-55: Importing Maven projects] INFO  o.e.m.j.i.AbstractJavaProjectConfigurator - Adding source folder /refactoring-ej-1/src/main/java
2026-04-14 09:50:05,304 [Worker-55: Importing Maven projects] INFO  o.e.m.j.i.AbstractJavaProjectConfigurator - Adding resource folder /refactoring-ej-1/src/main/resources
2026-04-14 09:50:05,306 [Worker-55: Importing Maven projects] INFO  o.e.m.j.i.AbstractJavaProjectConfigurator - Adding source folder /refactoring-ej-1/src/test/java
2026-04-14 09:50:05,307 [Worker-55: Importing Maven projects] INFO  o.e.m.j.i.AbstractJavaProjectConfigurator - Adding resource folder /refactoring-ej-1/src/test/resources
2026-04-14 09:50:05,353 [Worker-55: Importing Maven projects] INFO  o.e.m.c.i.p.ProjectConfigurationManager - Imported and configured 1 project(s) in 0 sec
2026-04-14 09:50:05,527 [Worker-56: Building] INFO  o.a.m.s.f.DefaultMavenResourcesFiltering - skip non existing resourceDirectory C:\Users\Usuario\Downloads\ejercicio 3\ejercicio 3\src\main\resources
2026-04-14 09:50:05,529 [Worker-56: Building] INFO  o.a.m.s.f.DefaultMavenResourcesFiltering - skip non existing resourceDirectory C:\Users\Usuario\Downloads\ejercicio 3\ejercicio 3\src\test\resources
2026-04-14 09:50:25,025 [Worker-54: Building] INFO  o.e.m.c.i.l.LifecycleMappingFactory - Using org.eclipse.m2e.jdt.JarLifecycleMapping lifecycle mapping for MavenProject: ar.edu.info.unlp:refactoring-ej-1:0.0.1-SNAPSHOT @ C:\Users\Usuario\Downloads\ejercicio 3\ejercicio 3\pom.xml.
2026-04-14 09:50:25,068 [Worker-54: Building] INFO  o.a.m.s.f.DefaultMavenResourcesFiltering - skip non existing resourceDirectory C:\Users\Usuario\Downloads\ejercicio 3\ejercicio 3\src\main\resources
2026-04-14 09:50:25,069 [Worker-54: Building] INFO  o.a.m.s.f.DefaultMavenResourcesFiltering - skip non existing resourceDirectory C:\Users\Usuario\Downloads\ejercicio 3\ejercicio 3\src\test\resources
2026-04-14 09:50:26,221 [Worker-54: Building] INFO  o.a.m.s.f.DefaultMavenResourcesFiltering - skip non existing resourceDirectory C:\Users\Usuario\Downloads\ejercicio 3\ejercicio 3\src\main\resources
2026-04-14 09:50:26,222 [Worker-54: Building] INFO  o.a.m.s.f.DefaultMavenResourcesFiltering - skip non existing resourceDirectory C:\Users\Usuario\Downloads\ejercicio 3\ejercicio 3\src\test\resources
2026-04-14 10:00:23,436 [Worker-57: Building] INFO  o.a.m.s.f.DefaultMavenResourcesFiltering - skip non existing resourceDirectory C:\Users\Usuario\Downloads\ejercicio 3\ejercicio 3\src\main\resources
2026-04-14 10:00:23,437 [Worker-57: Building] INFO  o.a.m.s.f.DefaultMavenResourcesFiltering - skip non existing resourceDirectory C:\Users\Usuario\Downloads\ejercicio 3\ejercicio 3\src\test\resources
2026-04-14 10:00:25,904 [Worker-59: Building] INFO  o.a.m.s.f.DefaultMavenResourcesFiltering - skip non existing resourceDirectory C:\Users\Usuario\Downloads\ejercicio 3\ejercicio 3\src\main\resources
2026-04-14 10:00:25,904 [Worker-59: Building] INFO  o.a.m.s.f.DefaultMavenResourcesFiltering - skip non existing resourceDirectory C:\Users\Usuario\Downloads\ejercicio 3\ejercicio 3\src\test\resources
2026-04-14 10:03:35,496 [Worker-57: Building] INFO  o.a.m.s.f.DefaultMavenResourcesFiltering - skip non existing resourceDirectory C:\Users\Usuario\Downloads\ejercicio 3\ejercicio 3\src\main\resources
2026-04-14 10:03:35,497 [Worker-57: Building] INFO  o.a.m.s.f.DefaultMavenResourcesFiltering - skip non existing resourceDirectory C:\Users\Usuario\Downloads\ejercicio 3\ejercicio 3\src\test\resources
2026-04-14 10:07:24,572 [Worker-60: Building] INFO  o.a.m.s.f.DefaultMavenResourcesFiltering - skip non existing resourceDirectory C:\Users\Usuario\Downloads\ejercicio 3\ejercicio 3\src\main\resources
2026-04-14 10:07:24,573 [Worker-60: Building] INFO  o.a.m.s.f.DefaultMavenResourcesFiltering - skip non existing resourceDirectory C:\Users\Usuario\Downloads\ejercicio 3\ejercicio 3\src\test\resources
2026-04-14 10:08:00,065 [main] INFO  o.e.m.jdt.internal.UnitTestSupport - Updating HotelStayTest from maven configuration
2026-04-14 10:16:02,601 [Worker-63: Building] INFO  o.a.m.s.f.DefaultMavenResourcesFiltering - skip non existing resourceDirectory C:\Users\Usuario\Downloads\ejercicio 3\ejercicio 3\src\main\resources
2026-04-14 10:16:02,603 [Worker-63: Building] INFO  o.a.m.s.f.DefaultMavenResourcesFiltering - skip non existing resourceDirectory C:\Users\Usuario\Downloads\ejercicio 3\ejercicio 3\src\test\resources
2026-04-14 10:17:24,974 [Worker-63: Building] INFO  o.a.m.s.f.DefaultMavenResourcesFiltering - skip non existing resourceDirectory C:\Users\Usuario\Downloads\ejercicio 3\ejercicio 3\src\main\resources
2026-04-14 10:17:24,976 [Worker-63: Building] INFO  o.a.m.s.f.DefaultMavenResourcesFiltering - skip non existing resourceDirectory C:\Users\Usuario\Downloads\ejercicio 3\ejercicio 3\src\test\resources
2026-04-14 10:17:44,278 [Worker-64: Building] INFO  o.a.m.s.f.DefaultMavenResourcesFiltering - skip non existing resourceDirectory C:\Users\Usuario\Downloads\ejercicio 3\ejercicio 3\src\main\resources
2026-04-14 10:17:44,279 [Worker-64: Building] INFO  o.a.m.s.f.DefaultMavenResourcesFiltering - skip non existing resourceDirectory C:\Users\Usuario\Downloads\ejercicio 3\ejercicio 3\src\test\resources
2026-04-14 10:17:52,785 [Worker-65: Building] INFO  o.a.m.s.f.DefaultMavenResourcesFiltering - skip non existing resourceDirectory C:\Users\Usuario\Downloads\ejercicio 3\ejercicio 3\src\main\resources
2026-04-14 10:17:52,786 [Worker-65: Building] INFO  o.a.m.s.f.DefaultMavenResourcesFiltering - skip non existing resourceDirectory C:\Users\Usuario\Downloads\ejercicio 3\ejercicio 3\src\test\resources
2026-04-14 10:18:05,819 [Worker-64: Building] INFO  o.a.m.s.f.DefaultMavenResourcesFiltering - skip non existing resourceDirectory C:\Users\Usuario\Downloads\ejercicio 3\ejercicio 3\src\main\resources
2026-04-14 10:18:05,820 [Worker-64: Building] INFO  o.a.m.s.f.DefaultMavenResourcesFiltering - skip non existing resourceDirectory C:\Users\Usuario\Downloads\ejercicio 3\ejercicio 3\src\test\resources
2026-04-14 10:18:07,529 [Worker-66: Building] INFO  o.a.m.s.f.DefaultMavenResourcesFiltering - skip non existing resourceDirectory C:\Users\Usuario\Downloads\ejercicio 3\ejercicio 3\src\main\resources
2026-04-14 10:18:07,532 [Worker-66: Building] INFO  o.a.m.s.f.DefaultMavenResourcesFiltering - skip non existing resourceDirectory C:\Users\Usuario\Downloads\ejercicio 3\ejercicio 3\src\test\resources
2026-04-14 10:20:15,304 [Worker-64: Building] INFO  o.a.m.s.f.DefaultMavenResourcesFiltering - skip non existing resourceDirectory C:\Users\Usuario\Downloads\ejercicio 3\ejercicio 3\src\main\resources
2026-04-14 10:20:15,306 [Worker-64: Building] INFO  o.a.m.s.f.DefaultMavenResourcesFiltering - skip non existing resourceDirectory C:\Users\Usuario\Downloads\ejercicio 3\ejercicio 3\src\test\resources
2026-04-14 10:22:57,151 [Worker-62: Building] INFO  o.a.m.s.f.DefaultMavenResourcesFiltering - skip non existing resourceDirectory C:\Users\Usuario\Downloads\ejercicio 3\ejercicio 3\src\main\resources
2026-04-14 10:22:57,152 [Worker-62: Building] INFO  o.a.m.s.f.DefaultMavenResourcesFiltering - skip non existing resourceDirectory C:\Users\Usuario\Downloads\ejercicio 3\ejercicio 3\src\test\resources
2026-04-14 10:23:11,620 [Worker-62: Building] INFO  o.a.m.s.f.DefaultMavenResourcesFiltering - skip non existing resourceDirectory C:\Users\Usuario\Downloads\ejercicio 3\ejercicio 3\src\main\resources
2026-04-14 10:23:11,620 [Worker-62: Building] INFO  o.a.m.s.f.DefaultMavenResourcesFiltering - skip non existing resourceDirectory C:\Users\Usuario\Downloads\ejercicio 3\ejercicio 3\src\test\resources
2026-04-14 10:23:19,895 [Worker-66: Building] INFO  o.a.m.s.f.DefaultMavenResourcesFiltering - skip non existing resourceDirectory C:\Users\Usuario\Downloads\ejercicio 3\ejercicio 3\src\main\resources
2026-04-14 10:23:19,896 [Worker-66: Building] INFO  o.a.m.s.f.DefaultMavenResourcesFiltering - skip non existing resourceDirectory C:\Users\Usuario\Downloads\ejercicio 3\ejercicio 3\src\test\resources
2026-04-14 10:23:28,533 [main] INFO  o.e.m.jdt.internal.UnitTestSupport - Updating CarRentalTest from maven configuration
2026-04-14 10:33:54,643 [Worker-73: Building] INFO  o.a.m.s.f.DefaultMavenResourcesFiltering - skip non existing resourceDirectory C:\Users\Usuario\Downloads\ejercicio 3\ejercicio 3\src\main\resources
2026-04-14 10:33:54,644 [Worker-73: Building] INFO  o.a.m.s.f.DefaultMavenResourcesFiltering - skip non existing resourceDirectory C:\Users\Usuario\Downloads\ejercicio 3\ejercicio 3\src\test\resources
2026-04-14 10:34:26,460 [Worker-70: Building] INFO  o.a.m.s.f.DefaultMavenResourcesFiltering - skip non existing resourceDirectory C:\Users\Usuario\Downloads\ejercicio 3\ejercicio 3\src\main\resources
2026-04-14 10:34:26,461 [Worker-70: Building] INFO  o.a.m.s.f.DefaultMavenResourcesFiltering - skip non existing resourceDirectory C:\Users\Usuario\Downloads\ejercicio 3\ejercicio 3\src\test\resources
2026-04-14 10:34:39,731 [Worker-72: Building] INFO  o.a.m.s.f.DefaultMavenResourcesFiltering - skip non existing resourceDirectory C:\Users\Usuario\Downloads\ejercicio 3\ejercicio 3\src\main\resources
2026-04-14 10:34:39,732 [Worker-72: Building] INFO  o.a.m.s.f.DefaultMavenResourcesFiltering - skip non existing resourceDirectory C:\Users\Usuario\Downloads\ejercicio 3\ejercicio 3\src\test\resources
2026-04-14 10:34:46,046 [Worker-71: Building] INFO  o.a.m.s.f.DefaultMavenResourcesFiltering - skip non existing resourceDirectory C:\Users\Usuario\Downloads\ejercicio 3\ejercicio 3\src\main\resources
2026-04-14 10:34:46,047 [Worker-71: Building] INFO  o.a.m.s.f.DefaultMavenResourcesFiltering - skip non existing resourceDirectory C:\Users\Usuario\Downloads\ejercicio 3\ejercicio 3\src\test\resources
2026-04-14 10:36:19,901 [Worker-72: Building] INFO  o.a.m.s.f.DefaultMavenResourcesFiltering - skip non existing resourceDirectory C:\Users\Usuario\Downloads\ejercicio 3\ejercicio 3\src\main\resources
2026-04-14 10:36:19,902 [Worker-72: Building] INFO  o.a.m.s.f.DefaultMavenResourcesFiltering - skip non existing resourceDirectory C:\Users\Usuario\Downloads\ejercicio 3\ejercicio 3\src\test\resources
2026-04-14 10:44:41,395 [Worker-5: Loading available Gradle versions] INFO  o.e.b.c.i.u.g.PublishedGradleVersions - Gradle version information cache is up-to-date. Trying to read.
2026-04-14 10:46:23,296 [Worker-1: Updating Maven Dependencies] ERROR o.e.m.j.i.l.MavenLaunchConfigurationListener - Launch configuration TestCharRing references closed project prac2ejer3
org.eclipse.core.runtime.CoreException: Launch configuration TestCharRing references closed project prac2ejer3
	at org.eclipse.jdt.launching.JavaRuntime.abort(JavaRuntime.java:1870)
	at org.eclipse.jdt.launching.JavaRuntime.getJavaProject(JavaRuntime.java:1744)
	at org.eclipse.m2e.jdt.internal.launch.MavenLaunchConfigurationListener.updateLaunchConfiguration(MavenLaunchConfigurationListener.java:66)
	at org.eclipse.m2e.jdt.internal.launch.MavenLaunchConfigurationListener.launchConfigurationChanged(MavenLaunchConfigurationListener.java:52)
	at org.eclipse.debug.internal.core.LaunchManager$ConfigurationNotifier.run(LaunchManager.java:219)
	at org.eclipse.core.runtime.SafeRunner.run(SafeRunner.java:47)
	at org.eclipse.debug.internal.core.LaunchManager$ConfigurationNotifier.notify(LaunchManager.java:203)
	at org.eclipse.debug.internal.core.LaunchConfigurationWorkingCopy.setDirty(LaunchConfigurationWorkingCopy.java:527)
	at org.eclipse.debug.internal.core.LaunchConfigurationWorkingCopy.setAttribute(LaunchConfigurationWorkingCopy.java:415)
	at org.eclipse.m2e.jdt.internal.launch.MavenRuntimeClasspathProvider.disable(MavenRuntimeClasspathProvider.java:409)
	at org.eclipse.m2e.jdt.internal.launch.MavenRuntimeClasspathProvider.disable(MavenRuntimeClasspathProvider.java:435)
	at org.eclipse.m2e.jdt.internal.launch.MavenLaunchConfigurationListener.mavenProjectChanged(MavenLaunchConfigurationListener.java:137)
	at org.eclipse.m2e.core.internal.project.registry.ProjectRegistryManager.notifyProjectChangeListeners(ProjectRegistryManager.java:892)
	at org.eclipse.m2e.core.internal.project.registry.ProjectRegistryManager.applyMutableProjectRegistry(ProjectRegistryManager.java:1042)
	at org.eclipse.m2e.core.internal.project.registry.ProjectRegistryRefreshJob.lambda$0(ProjectRegistryRefreshJob.java:162)
	at org.eclipse.m2e.core.internal.embedder.MavenExecutionContext.executeBare(MavenExecutionContext.java:458)
	at org.eclipse.m2e.core.internal.embedder.MavenExecutionContext.execute(MavenExecutionContext.java:339)
	at org.eclipse.m2e.core.internal.embedder.MavenExecutionContext.execute(MavenExecutionContext.java:278)
	at org.eclipse.m2e.core.internal.project.registry.ProjectRegistryRefreshJob.run(ProjectRegistryRefreshJob.java:106)
	at org.eclipse.core.internal.jobs.Worker.run(Worker.java:63)
2026-04-14 10:46:23,301 [Worker-1: Updating Maven Dependencies] ERROR o.e.m.j.i.l.MavenLaunchConfigurationListener - Launch configuration TestCharRing references closed project prac2ejer3
org.eclipse.core.runtime.CoreException: Launch configuration TestCharRing references closed project prac2ejer3
	at org.eclipse.jdt.launching.JavaRuntime.abort(JavaRuntime.java:1870)
	at org.eclipse.jdt.launching.JavaRuntime.getJavaProject(JavaRuntime.java:1744)
	at org.eclipse.m2e.jdt.internal.launch.MavenLaunchConfigurationListener.updateLaunchConfiguration(MavenLaunchConfigurationListener.java:66)
	at org.eclipse.m2e.jdt.internal.launch.MavenLaunchConfigurationListener.launchConfigurationChanged(MavenLaunchConfigurationListener.java:52)
	at org.eclipse.debug.internal.core.LaunchManager$ConfigurationNotifier.run(LaunchManager.java:219)
	at org.eclipse.core.runtime.SafeRunner.run(SafeRunner.java:47)
	at org.eclipse.debug.internal.core.LaunchManager$ConfigurationNotifier.notify(LaunchManager.java:203)
	at org.eclipse.debug.internal.core.LaunchConfigurationWorkingCopy.setDirty(LaunchConfigurationWorkingCopy.java:527)
	at org.eclipse.debug.internal.core.LaunchConfigurationWorkingCopy.setAttribute(LaunchConfigurationWorkingCopy.java:415)
	at org.eclipse.m2e.jdt.internal.launch.MavenRuntimeClasspathProvider.disable(MavenRuntimeClasspathProvider.java:410)
	at org.eclipse.m2e.jdt.internal.launch.MavenRuntimeClasspathProvider.disable(MavenRuntimeClasspathProvider.java:435)
	at org.eclipse.m2e.jdt.internal.launch.MavenLaunchConfigurationListener.mavenProjectChanged(MavenLaunchConfigurationListener.java:137)
	at org.eclipse.m2e.core.internal.project.registry.ProjectRegistryManager.notifyProjectChangeListeners(ProjectRegistryManager.java:892)
	at org.eclipse.m2e.core.internal.project.registry.ProjectRegistryManager.applyMutableProjectRegistry(ProjectRegistryManager.java:1042)
	at org.eclipse.m2e.core.internal.project.registry.ProjectRegistryRefreshJob.lambda$0(ProjectRegistryRefreshJob.java:162)
	at org.eclipse.m2e.core.internal.embedder.MavenExecutionContext.executeBare(MavenExecutionContext.java:458)
	at org.eclipse.m2e.core.internal.embedder.MavenExecutionContext.execute(MavenExecutionContext.java:339)
	at org.eclipse.m2e.core.internal.embedder.MavenExecutionContext.execute(MavenExecutionContext.java:278)
	at org.eclipse.m2e.core.internal.project.registry.ProjectRegistryRefreshJob.run(ProjectRegistryRefreshJob.java:106)
	at org.eclipse.core.internal.jobs.Worker.run(Worker.java:63)
2026-04-14 10:46:23,306 [Worker-1: Updating Maven Dependencies] ERROR o.e.m.j.i.l.MavenLaunchConfigurationListener - Launch configuration TestCharRing references closed project prac2ejer3
org.eclipse.core.runtime.CoreException: Launch configuration TestCharRing references closed project prac2ejer3
	at org.eclipse.jdt.launching.JavaRuntime.abort(JavaRuntime.java:1870)
	at org.eclipse.jdt.launching.JavaRuntime.getJavaProject(JavaRuntime.java:1744)
	at org.eclipse.m2e.jdt.internal.launch.MavenLaunchConfigurationListener.updateLaunchConfiguration(MavenLaunchConfigurationListener.java:66)
	at org.eclipse.m2e.jdt.internal.launch.MavenLaunchConfigurationListener.launchConfigurationChanged(MavenLaunchConfigurationListener.java:52)
	at org.eclipse.debug.internal.core.LaunchManager$ConfigurationNotifier.run(LaunchManager.java:219)
	at org.eclipse.core.runtime.SafeRunner.run(SafeRunner.java:47)
	at org.eclipse.debug.internal.core.LaunchManager$ConfigurationNotifier.notify(LaunchManager.java:203)
	at org.eclipse.debug.internal.core.LaunchManager.launchConfigurationChanged(LaunchManager.java:1960)
	at org.eclipse.debug.internal.core.LaunchConfigurationWorkingCopy.writeNewFile(LaunchConfigurationWorkingCopy.java:380)
	at org.eclipse.debug.internal.core.LaunchConfigurationWorkingCopy.doSave0(LaunchConfigurationWorkingCopy.java:259)
	at org.eclipse.debug.internal.core.LaunchConfigurationWorkingCopy.doSave(LaunchConfigurationWorkingCopy.java:229)
	at org.eclipse.debug.internal.core.LaunchConfigurationWorkingCopy.doSave(LaunchConfigurationWorkingCopy.java:187)
	at org.eclipse.m2e.jdt.internal.launch.MavenRuntimeClasspathProvider.disable(MavenRuntimeClasspathProvider.java:411)
	at org.eclipse.m2e.jdt.internal.launch.MavenRuntimeClasspathProvider.disable(MavenRuntimeClasspathProvider.java:435)
	at org.eclipse.m2e.jdt.internal.launch.MavenLaunchConfigurationListener.mavenProjectChanged(MavenLaunchConfigurationListener.java:137)
	at org.eclipse.m2e.core.internal.project.registry.ProjectRegistryManager.notifyProjectChangeListeners(ProjectRegistryManager.java:892)
	at org.eclipse.m2e.core.internal.project.registry.ProjectRegistryManager.applyMutableProjectRegistry(ProjectRegistryManager.java:1042)
	at org.eclipse.m2e.core.internal.project.registry.ProjectRegistryRefreshJob.lambda$0(ProjectRegistryRefreshJob.java:162)
	at org.eclipse.m2e.core.internal.embedder.MavenExecutionContext.executeBare(MavenExecutionContext.java:458)
	at org.eclipse.m2e.core.internal.embedder.MavenExecutionContext.execute(MavenExecutionContext.java:339)
	at org.eclipse.m2e.core.internal.embedder.MavenExecutionContext.execute(MavenExecutionContext.java:278)
	at org.eclipse.m2e.core.internal.project.registry.ProjectRegistryRefreshJob.run(ProjectRegistryRefreshJob.java:106)
	at org.eclipse.core.internal.jobs.Worker.run(Worker.java:63)
2026-04-14 10:46:23,307 [Worker-1: Updating Maven Dependencies] ERROR o.e.m.j.i.l.MavenLaunchConfigurationListener - Launch configuration TestIntRing references closed project prac2ejer3
org.eclipse.core.runtime.CoreException: Launch configuration TestIntRing references closed project prac2ejer3
	at org.eclipse.jdt.launching.JavaRuntime.abort(JavaRuntime.java:1870)
	at org.eclipse.jdt.launching.JavaRuntime.getJavaProject(JavaRuntime.java:1744)
	at org.eclipse.m2e.jdt.internal.launch.MavenLaunchConfigurationListener.updateLaunchConfiguration(MavenLaunchConfigurationListener.java:66)
	at org.eclipse.m2e.jdt.internal.launch.MavenLaunchConfigurationListener.launchConfigurationChanged(MavenLaunchConfigurationListener.java:52)
	at org.eclipse.debug.internal.core.LaunchManager$ConfigurationNotifier.run(LaunchManager.java:219)
	at org.eclipse.core.runtime.SafeRunner.run(SafeRunner.java:47)
	at org.eclipse.debug.internal.core.LaunchManager$ConfigurationNotifier.notify(LaunchManager.java:203)
	at org.eclipse.debug.internal.core.LaunchConfigurationWorkingCopy.setDirty(LaunchConfigurationWorkingCopy.java:527)
	at org.eclipse.debug.internal.core.LaunchConfigurationWorkingCopy.setAttribute(LaunchConfigurationWorkingCopy.java:415)
	at org.eclipse.m2e.jdt.internal.launch.MavenRuntimeClasspathProvider.disable(MavenRuntimeClasspathProvider.java:409)
	at org.eclipse.m2e.jdt.internal.launch.MavenRuntimeClasspathProvider.disable(MavenRuntimeClasspathProvider.java:435)
	at org.eclipse.m2e.jdt.internal.launch.MavenLaunchConfigurationListener.mavenProjectChanged(MavenLaunchConfigurationListener.java:137)
	at org.eclipse.m2e.core.internal.project.registry.ProjectRegistryManager.notifyProjectChangeListeners(ProjectRegistryManager.java:892)
	at org.eclipse.m2e.core.internal.project.registry.ProjectRegistryManager.applyMutableProjectRegistry(ProjectRegistryManager.java:1042)
	at org.eclipse.m2e.core.internal.project.registry.ProjectRegistryRefreshJob.lambda$0(ProjectRegistryRefreshJob.java:162)
	at org.eclipse.m2e.core.internal.embedder.MavenExecutionContext.executeBare(MavenExecutionContext.java:458)
	at org.eclipse.m2e.core.internal.embedder.MavenExecutionContext.execute(MavenExecutionContext.java:339)
	at org.eclipse.m2e.core.internal.embedder.MavenExecutionContext.execute(MavenExecutionContext.java:278)
	at org.eclipse.m2e.core.internal.project.registry.ProjectRegistryRefreshJob.run(ProjectRegistryRefreshJob.java:106)
	at org.eclipse.core.internal.jobs.Worker.run(Worker.java:63)
2026-04-14 10:46:23,308 [Worker-1: Updating Maven Dependencies] ERROR o.e.m.j.i.l.MavenLaunchConfigurationListener - Launch configuration TestIntRing references closed project prac2ejer3
org.eclipse.core.runtime.CoreException: Launch configuration TestIntRing references closed project prac2ejer3
	at org.eclipse.jdt.launching.JavaRuntime.abort(JavaRuntime.java:1870)
	at org.eclipse.jdt.launching.JavaRuntime.getJavaProject(JavaRuntime.java:1744)
	at org.eclipse.m2e.jdt.internal.launch.MavenLaunchConfigurationListener.updateLaunchConfiguration(MavenLaunchConfigurationListener.java:66)
	at org.eclipse.m2e.jdt.internal.launch.MavenLaunchConfigurationListener.launchConfigurationChanged(MavenLaunchConfigurationListener.java:52)
	at org.eclipse.debug.internal.core.LaunchManager$ConfigurationNotifier.run(LaunchManager.java:219)
	at org.eclipse.core.runtime.SafeRunner.run(SafeRunner.java:47)
	at org.eclipse.debug.internal.core.LaunchManager$ConfigurationNotifier.notify(LaunchManager.java:203)
	at org.eclipse.debug.internal.core.LaunchConfigurationWorkingCopy.setDirty(LaunchConfigurationWorkingCopy.java:527)
	at org.eclipse.debug.internal.core.LaunchConfigurationWorkingCopy.setAttribute(LaunchConfigurationWorkingCopy.java:415)
	at org.eclipse.m2e.jdt.internal.launch.MavenRuntimeClasspathProvider.disable(MavenRuntimeClasspathProvider.java:410)
	at org.eclipse.m2e.jdt.internal.launch.MavenRuntimeClasspathProvider.disable(MavenRuntimeClasspathProvider.java:435)
	at org.eclipse.m2e.jdt.internal.launch.MavenLaunchConfigurationListener.mavenProjectChanged(MavenLaunchConfigurationListener.java:137)
	at org.eclipse.m2e.core.internal.project.registry.ProjectRegistryManager.notifyProjectChangeListeners(ProjectRegistryManager.java:892)
	at org.eclipse.m2e.core.internal.project.registry.ProjectRegistryManager.applyMutableProjectRegistry(ProjectRegistryManager.java:1042)
	at org.eclipse.m2e.core.internal.project.registry.ProjectRegistryRefreshJob.lambda$0(ProjectRegistryRefreshJob.java:162)
	at org.eclipse.m2e.core.internal.embedder.MavenExecutionContext.executeBare(MavenExecutionContext.java:458)
	at org.eclipse.m2e.core.internal.embedder.MavenExecutionContext.execute(MavenExecutionContext.java:339)
	at org.eclipse.m2e.core.internal.embedder.MavenExecutionContext.execute(MavenExecutionContext.java:278)
	at org.eclipse.m2e.core.internal.project.registry.ProjectRegistryRefreshJob.run(ProjectRegistryRefreshJob.java:106)
	at org.eclipse.core.internal.jobs.Worker.run(Worker.java:63)
2026-04-14 10:46:23,311 [Worker-1: Updating Maven Dependencies] ERROR o.e.m.j.i.l.MavenLaunchConfigurationListener - Launch configuration TestIntRing references closed project prac2ejer3
org.eclipse.core.runtime.CoreException: Launch configuration TestIntRing references closed project prac2ejer3
	at org.eclipse.jdt.launching.JavaRuntime.abort(JavaRuntime.java:1870)
	at org.eclipse.jdt.launching.JavaRuntime.getJavaProject(JavaRuntime.java:1744)
	at org.eclipse.m2e.jdt.internal.launch.MavenLaunchConfigurationListener.updateLaunchConfiguration(MavenLaunchConfigurationListener.java:66)
	at org.eclipse.m2e.jdt.internal.launch.MavenLaunchConfigurationListener.launchConfigurationChanged(MavenLaunchConfigurationListener.java:52)
	at org.eclipse.debug.internal.core.LaunchManager$ConfigurationNotifier.run(LaunchManager.java:219)
	at org.eclipse.core.runtime.SafeRunner.run(SafeRunner.java:47)
	at org.eclipse.debug.internal.core.LaunchManager$ConfigurationNotifier.notify(LaunchManager.java:203)
	at org.eclipse.debug.internal.core.LaunchManager.launchConfigurationChanged(LaunchManager.java:1960)
	at org.eclipse.debug.internal.core.LaunchConfigurationWorkingCopy.writeNewFile(LaunchConfigurationWorkingCopy.java:380)
	at org.eclipse.debug.internal.core.LaunchConfigurationWorkingCopy.doSave0(LaunchConfigurationWorkingCopy.java:259)
	at org.eclipse.debug.internal.core.LaunchConfigurationWorkingCopy.doSave(LaunchConfigurationWorkingCopy.java:229)
	at org.eclipse.debug.internal.core.LaunchConfigurationWorkingCopy.doSave(LaunchConfigurationWorkingCopy.java:187)
	at org.eclipse.m2e.jdt.internal.launch.MavenRuntimeClasspathProvider.disable(MavenRuntimeClasspathProvider.java:411)
	at org.eclipse.m2e.jdt.internal.launch.MavenRuntimeClasspathProvider.disable(MavenRuntimeClasspathProvider.java:435)
	at org.eclipse.m2e.jdt.internal.launch.MavenLaunchConfigurationListener.mavenProjectChanged(MavenLaunchConfigurationListener.java:137)
	at org.eclipse.m2e.core.internal.project.registry.ProjectRegistryManager.notifyProjectChangeListeners(ProjectRegistryManager.java:892)
	at org.eclipse.m2e.core.internal.project.registry.ProjectRegistryManager.applyMutableProjectRegistry(ProjectRegistryManager.java:1042)
	at org.eclipse.m2e.core.internal.project.registry.ProjectRegistryRefreshJob.lambda$0(ProjectRegistryRefreshJob.java:162)
	at org.eclipse.m2e.core.internal.embedder.MavenExecutionContext.executeBare(MavenExecutionContext.java:458)
	at org.eclipse.m2e.core.internal.embedder.MavenExecutionContext.execute(MavenExecutionContext.java:339)
	at org.eclipse.m2e.core.internal.embedder.MavenExecutionContext.execute(MavenExecutionContext.java:278)
	at org.eclipse.m2e.core.internal.project.registry.ProjectRegistryRefreshJob.run(ProjectRegistryRefreshJob.java:106)
	at org.eclipse.core.internal.jobs.Worker.run(Worker.java:63)
2026-04-14 10:46:34,814 [Worker-7: Updating Maven Dependencies] ERROR o.e.m.j.i.l.MavenLaunchConfigurationListener - Launch configuration SistemaTest references non-existing project RedSocial.
org.eclipse.core.runtime.CoreException: Launch configuration SistemaTest references non-existing project RedSocial.
	at org.eclipse.jdt.launching.JavaRuntime.abort(JavaRuntime.java:1870)
	at org.eclipse.jdt.launching.JavaRuntime.getJavaProject(JavaRuntime.java:1747)
	at org.eclipse.m2e.jdt.internal.launch.MavenLaunchConfigurationListener.updateLaunchConfiguration(MavenLaunchConfigurationListener.java:66)
	at org.eclipse.m2e.jdt.internal.launch.MavenLaunchConfigurationListener.launchConfigurationChanged(MavenLaunchConfigurationListener.java:52)
	at org.eclipse.debug.internal.core.LaunchManager$ConfigurationNotifier.run(LaunchManager.java:219)
	at org.eclipse.core.runtime.SafeRunner.run(SafeRunner.java:47)
	at org.eclipse.debug.internal.core.LaunchManager$ConfigurationNotifier.notify(LaunchManager.java:203)
	at org.eclipse.debug.internal.core.LaunchConfigurationWorkingCopy.setDirty(LaunchConfigurationWorkingCopy.java:527)
	at org.eclipse.debug.internal.core.LaunchConfigurationWorkingCopy.setAttribute(LaunchConfigurationWorkingCopy.java:415)
	at org.eclipse.m2e.jdt.internal.launch.MavenRuntimeClasspathProvider.disable(MavenRuntimeClasspathProvider.java:409)
	at org.eclipse.m2e.jdt.internal.launch.MavenRuntimeClasspathProvider.disable(MavenRuntimeClasspathProvider.java:435)
	at org.eclipse.m2e.jdt.internal.launch.MavenLaunchConfigurationListener.mavenProjectChanged(MavenLaunchConfigurationListener.java:137)
	at org.eclipse.m2e.core.internal.project.registry.ProjectRegistryManager.notifyProjectChangeListeners(ProjectRegistryManager.java:892)
	at org.eclipse.m2e.core.internal.project.registry.ProjectRegistryManager.applyMutableProjectRegistry(ProjectRegistryManager.java:1042)
	at org.eclipse.m2e.core.internal.project.registry.ProjectRegistryRefreshJob.lambda$0(ProjectRegistryRefreshJob.java:162)
	at org.eclipse.m2e.core.internal.embedder.MavenExecutionContext.executeBare(MavenExecutionContext.java:458)
	at org.eclipse.m2e.core.internal.embedder.MavenExecutionContext.execute(MavenExecutionContext.java:339)
	at org.eclipse.m2e.core.internal.embedder.MavenExecutionContext.execute(MavenExecutionContext.java:278)
	at org.eclipse.m2e.core.internal.project.registry.ProjectRegistryRefreshJob.run(ProjectRegistryRefreshJob.java:106)
	at org.eclipse.core.internal.jobs.Worker.run(Worker.java:63)
2026-04-14 10:46:34,816 [Worker-7: Updating Maven Dependencies] ERROR o.e.m.j.i.l.MavenLaunchConfigurationListener - Launch configuration SistemaTest references non-existing project RedSocial.
org.eclipse.core.runtime.CoreException: Launch configuration SistemaTest references non-existing project RedSocial.
	at org.eclipse.jdt.launching.JavaRuntime.abort(JavaRuntime.java:1870)
	at org.eclipse.jdt.launching.JavaRuntime.getJavaProject(JavaRuntime.java:1747)
	at org.eclipse.m2e.jdt.internal.launch.MavenLaunchConfigurationListener.updateLaunchConfiguration(MavenLaunchConfigurationListener.java:66)
	at org.eclipse.m2e.jdt.internal.launch.MavenLaunchConfigurationListener.launchConfigurationChanged(MavenLaunchConfigurationListener.java:52)
	at org.eclipse.debug.internal.core.LaunchManager$ConfigurationNotifier.run(LaunchManager.java:219)
	at org.eclipse.core.runtime.SafeRunner.run(SafeRunner.java:47)
	at org.eclipse.debug.internal.core.LaunchManager$ConfigurationNotifier.notify(LaunchManager.java:203)
	at org.eclipse.debug.internal.core.LaunchConfigurationWorkingCopy.setDirty(LaunchConfigurationWorkingCopy.java:527)
	at org.eclipse.debug.internal.core.LaunchConfigurationWorkingCopy.setAttribute(LaunchConfigurationWorkingCopy.java:415)
	at org.eclipse.m2e.jdt.internal.launch.MavenRuntimeClasspathProvider.disable(MavenRuntimeClasspathProvider.java:410)
	at org.eclipse.m2e.jdt.internal.launch.MavenRuntimeClasspathProvider.disable(MavenRuntimeClasspathProvider.java:435)
	at org.eclipse.m2e.jdt.internal.launch.MavenLaunchConfigurationListener.mavenProjectChanged(MavenLaunchConfigurationListener.java:137)
	at org.eclipse.m2e.core.internal.project.registry.ProjectRegistryManager.notifyProjectChangeListeners(ProjectRegistryManager.java:892)
	at org.eclipse.m2e.core.internal.project.registry.ProjectRegistryManager.applyMutableProjectRegistry(ProjectRegistryManager.java:1042)
	at org.eclipse.m2e.core.internal.project.registry.ProjectRegistryRefreshJob.lambda$0(ProjectRegistryRefreshJob.java:162)
	at org.eclipse.m2e.core.internal.embedder.MavenExecutionContext.executeBare(MavenExecutionContext.java:458)
	at org.eclipse.m2e.core.internal.embedder.MavenExecutionContext.execute(MavenExecutionContext.java:339)
	at org.eclipse.m2e.core.internal.embedder.MavenExecutionContext.execute(MavenExecutionContext.java:278)
	at org.eclipse.m2e.core.internal.project.registry.ProjectRegistryRefreshJob.run(ProjectRegistryRefreshJob.java:106)
	at org.eclipse.core.internal.jobs.Worker.run(Worker.java:63)
2026-04-14 10:46:34,820 [Worker-7: Updating Maven Dependencies] ERROR o.e.m.j.i.l.MavenLaunchConfigurationListener - Launch configuration SistemaTest references non-existing project RedSocial.
org.eclipse.core.runtime.CoreException: Launch configuration SistemaTest references non-existing project RedSocial.
	at org.eclipse.jdt.launching.JavaRuntime.abort(JavaRuntime.java:1870)
	at org.eclipse.jdt.launching.JavaRuntime.getJavaProject(JavaRuntime.java:1747)
	at org.eclipse.m2e.jdt.internal.launch.MavenLaunchConfigurationListener.updateLaunchConfiguration(MavenLaunchConfigurationListener.java:66)
	at org.eclipse.m2e.jdt.internal.launch.MavenLaunchConfigurationListener.launchConfigurationChanged(MavenLaunchConfigurationListener.java:52)
	at org.eclipse.debug.internal.core.LaunchManager$ConfigurationNotifier.run(LaunchManager.java:219)
	at org.eclipse.core.runtime.SafeRunner.run(SafeRunner.java:47)
	at org.eclipse.debug.internal.core.LaunchManager$ConfigurationNotifier.notify(LaunchManager.java:203)
	at org.eclipse.debug.internal.core.LaunchManager.launchConfigurationChanged(LaunchManager.java:1960)
	at org.eclipse.debug.internal.core.LaunchConfigurationWorkingCopy.writeNewFile(LaunchConfigurationWorkingCopy.java:380)
	at org.eclipse.debug.internal.core.LaunchConfigurationWorkingCopy.doSave0(LaunchConfigurationWorkingCopy.java:259)
	at org.eclipse.debug.internal.core.LaunchConfigurationWorkingCopy.doSave(LaunchConfigurationWorkingCopy.java:229)
	at org.eclipse.debug.internal.core.LaunchConfigurationWorkingCopy.doSave(LaunchConfigurationWorkingCopy.java:187)
	at org.eclipse.m2e.jdt.internal.launch.MavenRuntimeClasspathProvider.disable(MavenRuntimeClasspathProvider.java:411)
	at org.eclipse.m2e.jdt.internal.launch.MavenRuntimeClasspathProvider.disable(MavenRuntimeClasspathProvider.java:435)
	at org.eclipse.m2e.jdt.internal.launch.MavenLaunchConfigurationListener.mavenProjectChanged(MavenLaunchConfigurationListener.java:137)
	at org.eclipse.m2e.core.internal.project.registry.ProjectRegistryManager.notifyProjectChangeListeners(ProjectRegistryManager.java:892)
	at org.eclipse.m2e.core.internal.project.registry.ProjectRegistryManager.applyMutableProjectRegistry(ProjectRegistryManager.java:1042)
	at org.eclipse.m2e.core.internal.project.registry.ProjectRegistryRefreshJob.lambda$0(ProjectRegistryRefreshJob.java:162)
	at org.eclipse.m2e.core.internal.embedder.MavenExecutionContext.executeBare(MavenExecutionContext.java:458)
	at org.eclipse.m2e.core.internal.embedder.MavenExecutionContext.execute(MavenExecutionContext.java:339)
	at org.eclipse.m2e.core.internal.embedder.MavenExecutionContext.execute(MavenExecutionContext.java:278)
	at org.eclipse.m2e.core.internal.project.registry.ProjectRegistryRefreshJob.run(ProjectRegistryRefreshJob.java:106)
	at org.eclipse.core.internal.jobs.Worker.run(Worker.java:63)
2026-04-14 10:46:34,821 [Worker-7: Updating Maven Dependencies] ERROR o.e.m.j.i.l.MavenLaunchConfigurationListener - Launch configuration UsuarioTest references non-existing project RedSocial.
org.eclipse.core.runtime.CoreException: Launch configuration UsuarioTest references non-existing project RedSocial.
	at org.eclipse.jdt.launching.JavaRuntime.abort(JavaRuntime.java:1870)
	at org.eclipse.jdt.launching.JavaRuntime.getJavaProject(JavaRuntime.java:1747)
	at org.eclipse.m2e.jdt.internal.launch.MavenLaunchConfigurationListener.updateLaunchConfiguration(MavenLaunchConfigurationListener.java:66)
	at org.eclipse.m2e.jdt.internal.launch.MavenLaunchConfigurationListener.launchConfigurationChanged(MavenLaunchConfigurationListener.java:52)
	at org.eclipse.debug.internal.core.LaunchManager$ConfigurationNotifier.run(LaunchManager.java:219)
	at org.eclipse.core.runtime.SafeRunner.run(SafeRunner.java:47)
	at org.eclipse.debug.internal.core.LaunchManager$ConfigurationNotifier.notify(LaunchManager.java:203)
	at org.eclipse.debug.internal.core.LaunchConfigurationWorkingCopy.setDirty(LaunchConfigurationWorkingCopy.java:527)
	at org.eclipse.debug.internal.core.LaunchConfigurationWorkingCopy.setAttribute(LaunchConfigurationWorkingCopy.java:415)
	at org.eclipse.m2e.jdt.internal.launch.MavenRuntimeClasspathProvider.disable(MavenRuntimeClasspathProvider.java:409)
	at org.eclipse.m2e.jdt.internal.launch.MavenRuntimeClasspathProvider.disable(MavenRuntimeClasspathProvider.java:435)
	at org.eclipse.m2e.jdt.internal.launch.MavenLaunchConfigurationListener.mavenProjectChanged(MavenLaunchConfigurationListener.java:137)
	at org.eclipse.m2e.core.internal.project.registry.ProjectRegistryManager.notifyProjectChangeListeners(ProjectRegistryManager.java:892)
	at org.eclipse.m2e.core.internal.project.registry.ProjectRegistryManager.applyMutableProjectRegistry(ProjectRegistryManager.java:1042)
	at org.eclipse.m2e.core.internal.project.registry.ProjectRegistryRefreshJob.lambda$0(ProjectRegistryRefreshJob.java:162)
	at org.eclipse.m2e.core.internal.embedder.MavenExecutionContext.executeBare(MavenExecutionContext.java:458)
	at org.eclipse.m2e.core.internal.embedder.MavenExecutionContext.execute(MavenExecutionContext.java:339)
	at org.eclipse.m2e.core.internal.embedder.MavenExecutionContext.execute(MavenExecutionContext.java:278)
	at org.eclipse.m2e.core.internal.project.registry.ProjectRegistryRefreshJob.run(ProjectRegistryRefreshJob.java:106)
	at org.eclipse.core.internal.jobs.Worker.run(Worker.java:63)
2026-04-14 10:46:34,821 [Worker-7: Updating Maven Dependencies] ERROR o.e.m.j.i.l.MavenLaunchConfigurationListener - Launch configuration UsuarioTest references non-existing project RedSocial.
org.eclipse.core.runtime.CoreException: Launch configuration UsuarioTest references non-existing project RedSocial.
	at org.eclipse.jdt.launching.JavaRuntime.abort(JavaRuntime.java:1870)
	at org.eclipse.jdt.launching.JavaRuntime.getJavaProject(JavaRuntime.java:1747)
	at org.eclipse.m2e.jdt.internal.launch.MavenLaunchConfigurationListener.updateLaunchConfiguration(MavenLaunchConfigurationListener.java:66)
	at org.eclipse.m2e.jdt.internal.launch.MavenLaunchConfigurationListener.launchConfigurationChanged(MavenLaunchConfigurationListener.java:52)
	at org.eclipse.debug.internal.core.LaunchManager$ConfigurationNotifier.run(LaunchManager.java:219)
	at org.eclipse.core.runtime.SafeRunner.run(SafeRunner.java:47)
	at org.eclipse.debug.internal.core.LaunchManager$ConfigurationNotifier.notify(LaunchManager.java:203)
	at org.eclipse.debug.internal.core.LaunchConfigurationWorkingCopy.setDirty(LaunchConfigurationWorkingCopy.java:527)
	at org.eclipse.debug.internal.core.LaunchConfigurationWorkingCopy.setAttribute(LaunchConfigurationWorkingCopy.java:415)
	at org.eclipse.m2e.jdt.internal.launch.MavenRuntimeClasspathProvider.disable(MavenRuntimeClasspathProvider.java:410)
	at org.eclipse.m2e.jdt.internal.launch.MavenRuntimeClasspathProvider.disable(MavenRuntimeClasspathProvider.java:435)
	at org.eclipse.m2e.jdt.internal.launch.MavenLaunchConfigurationListener.mavenProjectChanged(MavenLaunchConfigurationListener.java:137)
	at org.eclipse.m2e.core.internal.project.registry.ProjectRegistryManager.notifyProjectChangeListeners(ProjectRegistryManager.java:892)
	at org.eclipse.m2e.core.internal.project.registry.ProjectRegistryManager.applyMutableProjectRegistry(ProjectRegistryManager.java:1042)
	at org.eclipse.m2e.core.internal.project.registry.ProjectRegistryRefreshJob.lambda$0(ProjectRegistryRefreshJob.java:162)
	at org.eclipse.m2e.core.internal.embedder.MavenExecutionContext.executeBare(MavenExecutionContext.java:458)
	at org.eclipse.m2e.core.internal.embedder.MavenExecutionContext.execute(MavenExecutionContext.java:339)
	at org.eclipse.m2e.core.internal.embedder.MavenExecutionContext.execute(MavenExecutionContext.java:278)
	at org.eclipse.m2e.core.internal.project.registry.ProjectRegistryRefreshJob.run(ProjectRegistryRefreshJob.java:106)
	at org.eclipse.core.internal.jobs.Worker.run(Worker.java:63)
2026-04-14 10:46:34,824 [Worker-7: Updating Maven Dependencies] ERROR o.e.m.j.i.l.MavenLaunchConfigurationListener - Launch configuration UsuarioTest references non-existing project RedSocial.
org.eclipse.core.runtime.CoreException: Launch configuration UsuarioTest references non-existing project RedSocial.
	at org.eclipse.jdt.launching.JavaRuntime.abort(JavaRuntime.java:1870)
	at org.eclipse.jdt.launching.JavaRuntime.getJavaProject(JavaRuntime.java:1747)
	at org.eclipse.m2e.jdt.internal.launch.MavenLaunchConfigurationListener.updateLaunchConfiguration(MavenLaunchConfigurationListener.java:66)
	at org.eclipse.m2e.jdt.internal.launch.MavenLaunchConfigurationListener.launchConfigurationChanged(MavenLaunchConfigurationListener.java:52)
	at org.eclipse.debug.internal.core.LaunchManager$ConfigurationNotifier.run(LaunchManager.java:219)
	at org.eclipse.core.runtime.SafeRunner.run(SafeRunner.java:47)
	at org.eclipse.debug.internal.core.LaunchManager$ConfigurationNotifier.notify(LaunchManager.java:203)
	at org.eclipse.debug.internal.core.LaunchManager.launchConfigurationChanged(LaunchManager.java:1960)
	at org.eclipse.debug.internal.core.LaunchConfigurationWorkingCopy.writeNewFile(LaunchConfigurationWorkingCopy.java:380)
	at org.eclipse.debug.internal.core.LaunchConfigurationWorkingCopy.doSave0(LaunchConfigurationWorkingCopy.java:259)
	at org.eclipse.debug.internal.core.LaunchConfigurationWorkingCopy.doSave(LaunchConfigurationWorkingCopy.java:229)
	at org.eclipse.debug.internal.core.LaunchConfigurationWorkingCopy.doSave(LaunchConfigurationWorkingCopy.java:187)
	at org.eclipse.m2e.jdt.internal.launch.MavenRuntimeClasspathProvider.disable(MavenRuntimeClasspathProvider.java:411)
	at org.eclipse.m2e.jdt.internal.launch.MavenRuntimeClasspathProvider.disable(MavenRuntimeClasspathProvider.java:435)
	at org.eclipse.m2e.jdt.internal.launch.MavenLaunchConfigurationListener.mavenProjectChanged(MavenLaunchConfigurationListener.java:137)
	at org.eclipse.m2e.core.internal.project.registry.ProjectRegistryManager.notifyProjectChangeListeners(ProjectRegistryManager.java:892)
	at org.eclipse.m2e.core.internal.project.registry.ProjectRegistryManager.applyMutableProjectRegistry(ProjectRegistryManager.java:1042)
	at org.eclipse.m2e.core.internal.project.registry.ProjectRegistryRefreshJob.lambda$0(ProjectRegistryRefreshJob.java:162)
	at org.eclipse.m2e.core.internal.embedder.MavenExecutionContext.executeBare(MavenExecutionContext.java:458)
	at org.eclipse.m2e.core.internal.embedder.MavenExecutionContext.execute(MavenExecutionContext.java:339)
	at org.eclipse.m2e.core.internal.embedder.MavenExecutionContext.execute(MavenExecutionContext.java:278)
	at org.eclipse.m2e.core.internal.project.registry.ProjectRegistryRefreshJob.run(ProjectRegistryRefreshJob.java:106)
	at org.eclipse.core.internal.jobs.Worker.run(Worker.java:63)
2026-04-14 10:48:41,465 [Worker-5: Loading available Gradle versions] INFO  o.e.b.c.i.u.g.PublishedGradleVersions - Gradle version information cache is up-to-date. Trying to read.
2026-04-14 10:50:55,676 [Worker-4: Updating Maven Dependencies] INFO  o.e.m.c.i.l.LifecycleMappingFactory - Using org.eclipse.m2e.jdt.JarLifecycleMapping lifecycle mapping for MavenProject: ar.edu.info.unlp:ejercicioDemo:0.0.1-SNAPSHOT @ C:\Users\Usuario\Desktop\Sistemas\2026\OO2\ejercicioDemo3\pom.xml.
2026-04-14 11:06:54,987 [Worker-27: Importing Maven projects] INFO  o.e.m.c.i.l.LifecycleMappingFactory - Using org.eclipse.m2e.jdt.JarLifecycleMapping lifecycle mapping for MavenProject: ar.edu.info.unlp:ejercicioDemo:0.0.1-SNAPSHOT @ C:\Users\Usuario\Desktop\Sistemas\2026\OO2\Refactoring\ejercicioDemo3\pom.xml.
